run,path,asset,model,model_run,mode,signal_source,portfolio_weighting,m_total_return,m_cagr,m_sharpe,m_max_drawdown,m_n_bars,m_turnover_sum,m_avg_bar_return,m_vol_bar,m_ann_factor,t_n_trades,t_win_rate,t_profit_factor,finance_score,trade_score,reliability_score,principle_flags,n_principle_flags,stress_total_return_bps10,stress_sharpe_bps10,stress_total_return_bps20,stress_sharpe_bps20,stress_total_return_bps35,stress_sharpe_bps35,ml_quality_score,cv_present,n_folds,cv_metric,cv_mean,cv_std,calibration_quality_score,pass_finance,pass_stress,pass_ml,promotion_score,decision
bt_crypto_5y_SOL-USD_rf_wv_dwt_db4,C:\Users\dunnm\source\repos\finance-scrapers-portfolio\artifacts\backtests\bt_crypto_5y_SOL-USD_rf_wv_dwt_db4,SOL-USD,rf,,long_short,predict,,0.06940315027822908,0.0348719092161629,1.231778932536675,-0.01781301724183637,716.0,6.741823343659076,9.479850484037414e-05,0.0014718627636477535,365.76083916083917,48,0.6041666666666666,2.971707310814322,0.6286346971595166,0.9197916666666666,0.730539636487019,,0,0.06266132693457,1.1094312829869375,0.05591950359091092,0.9870836334372002,0.045806768575422305,0.803562159112594,0.0,,,,,,,True,True,False,0.4758280725756505,candidate
bt_eurusd_sweep_EURUSD=X_hgb_baseline,C:\Users\dunnm\source\repos\finance-scrapers-portfolio\artifacts\backtests\bt_eurusd_sweep_EURUSD=X_hgb_baseline,EURUSD=X,hgb,,long_short,predict,,0.006967854379785088,0.1221887874913632,7.733572889338035,-0.0004829730719132508,16.0,1.0,0.0004344935573264326,0.000915686731471957,265.6363636363636,0,,,0.8996185914141068,0.0,0.5847520844191695,,0,0.005967854379785088,6.621132215745975,0.004967854379785088,5.508691542153914,0.0034678543797850877,3.8400305317658234,0.0,,,,,,,False,True,False,0.47161364643054327,reject
bt_eurusd_sweep_EURUSD=X_mlp_baseline,C:\Users\dunnm\source\repos\finance-scrapers-portfolio\artifacts\backtests\bt_eurusd_sweep_EURUSD=X_mlp_baseline,EURUSD=X,mlp,,long_short,predict,,0.006967854379785088,0.1221887874913632,7.733572889338035,-0.0004829730719132508,16.0,1.0,0.0004344935573264326,0.000915686731471957,265.6363636363636,0,,,0.8996185914141068,0.0,0.5847520844191695,,0,0.005967854379785088,6.621132215745975,0.004967854379785088,5.508691542153914,0.0034678543797850877,3.8400305317658234,0.0,,,,,,,False,True,False,0.47161364643054327,reject
bt_rescue_EURUSD=X_hgb_baseline,C:\Users\dunnm\source\repos\finance-scrapers-portfolio\artifacts\backtests\bt_rescue_EURUSD=X_hgb_baseline,EURUSD=X,hgb,,long_short,predict,,0.006967854379785088,0.1221887874913632,7.733572889338035,-0.0004829730719132508,16.0,1.0,0.0004344935573264326,0.000915686731471957,265.6363636363636,0,,,0.8996185914141068,0.0,0.5847520844191695,,0,0.005967854379785088,6.621132215745975,0.004967854379785088,5.508691542153914,0.0034678543797850877,3.8400305317658234,0.0,,,,,,,False,True,False,0.47161364643054327,reject
bt_rescue_EURUSD=X_mlp_baseline,C:\Users\dunnm\source\repos\finance-scrapers-portfolio\artifacts\backtests\bt_rescue_EURUSD=X_mlp_baseline,EURUSD=X,mlp,,long_short,predict,,0.006967854379785088,0.1221887874913632,7.733572889338035,-0.0004829730719132508,16.0,1.0,0.0004344935573264326,0.000915686731471957,265.6363636363636,0,,,0.8996185914141068,0.0,0.5847520844191695,,0,0.005967854379785088,6.621132215745975,0.004967854379785088,5.508691542153914,0.0034678543797850877,3.8400305317658234,0.0,,,,,,,False,True,False,0.47161364643054327,reject
bt_eurusd_sweep_EURUSD=X_hgb_stops,C:\Users\dunnm\source\repos\finance-scrapers-portfolio\artifacts\backtests\bt_eurusd_sweep_EURUSD=X_hgb_stops,EURUSD=X,hgb,,long_short,predict,,0.00526003613694348,0.09553988225981458,5.193507799880594,-0.0008064168801654725,15.0,1.0,0.0003504040776065402,0.0010897815665336422,260.89285714285717,0,,,0.88396584515562,0.0,0.574577799351153,,0,0.00426003613694348,4.2054089863897595,0.00326003613694348,3.2173101728989235,0.00176003613694348,1.7351619526626707,0.0,,,,,,,False,True,False,0.46601778964313423,reject
bt_eurusd_sweep_EURUSD=X_mlp_stops,C:\Users\dunnm\source\repos\finance-scrapers-portfolio\artifacts\backtests\bt_eurusd_sweep_EURUSD=X_mlp_stops,EURUSD=X,mlp,,long_short,predict,,0.00526003613694348,0.09553988225981458,5.193507799880594,-0.0008064168801654725,15.0,1.0,0.0003504040776065402,0.0010897815665336422,260.89285714285717,0,,,0.88396584515562,0.0,0.574577799351153,,0,0.00426003613694348,4.2054089863897595,0.00326003613694348,3.2173101728989235,0.00176003613694348,1.7351619526626707,0.0,,,,,,,False,True,False,0.46601778964313423,reject
bt_rescue_EURUSD=X_hgb_stops,C:\Users\dunnm\source\repos\finance-scrapers-portfolio\artifacts\backtests\bt_rescue_EURUSD=X_hgb_stops,EURUSD=X,hgb,,long_short,predict,,0.00526003613694348,0.09553988225981458,5.193507799880594,-0.0008064168801654725,15.0,1.0,0.0003504040776065402,0.0010897815665336422,260.89285714285717,0,,,0.88396584515562,0.0,0.574577799351153,,0,0.00426003613694348,4.2054089863897595,0.00326003613694348,3.2173101728989235,0.00176003613694348,1.7351619526626707,0.0,,,,,,,False,True,False,0.46601778964313423,reject
bt_rescue_EURUSD=X_mlp_stops,C:\Users\dunnm\source\repos\finance-scrapers-portfolio\artifacts\backtests\bt_rescue_EURUSD=X_mlp_stops,EURUSD=X,mlp,,long_short,predict,,0.00526003613694348,0.09553988225981458,5.193507799880594,-0.0008064168801654725,15.0,1.0,0.0003504040776065402,0.0010897815665336422,260.89285714285717,0,,,0.88396584515562,0.0,0.574577799351153,,0,0.00426003613694348,4.2054089863897595,0.00326003613694348,3.2173101728989235,0.00176003613694348,1.7351619526626707,0.0,,,,,,,False,True,False,0.46601778964313423,reject
bt_crypto_5y_BTC-USD_rf_proba_hmm_wavelet,C:\Users\dunnm\source\repos\finance-scrapers-portfolio\artifacts\backtests\bt_crypto_5y_BTC-USD_rf_proba_hmm_wavelet,BTC-USD,rf,,long_short,proba,,0.04058248079671878,0.020529393325361855,1.0173719247941848,-0.014812295154255417,716.0,8.007235899564435,5.611578992313329e-05,0.0010548821280552474,365.76083916083917,23,0.6956521739130435,2.2223547640064902,0.5846080959670179,0.9533333333333334,0.6336619290452283,too_few_trades,1,0.03257524489715434,0.8146203346047882,0.02456800899758991,0.6118687444153917,0.012557155148243255,0.3077413591312967,0.0,,,,,,,False,True,False,0.39440421680603,reject
bt_eurusd_sweep_EURUSD=X_rf_stops,C:\Users\dunnm\source\repos\finance-scrapers-portfolio\artifacts\backtests\bt_eurusd_sweep_EURUSD=X_rf_stops,EURUSD=X,rf,,long_short,predict,,0.0015862060242926024,0.02795027706062303,1.9729777612629118,-0.0019068820368913775,15.0,9.0,0.00010604557815336524,0.0008681633913577642,260.89285714285717,4,1.0,inf,0.7387715378306062,0.8266666666666667,0.6895348329232275,too_few_trades,1,-0.007413793975707399,-9.190020992402527,-0.0164137939757074,-20.353019746067968,-0.029913793975707398,-37.09751787656612,0.0,,,,,,,False,False,False,0.3792441581077751,reject
bt_crypto_5y_ETH-USD_hgb_wv_dwt_db6,C:\Users\dunnm\source\repos\finance-scrapers-portfolio\artifacts\backtests\bt_crypto_5y_ETH-USD_hgb_wv_dwt_db6,ETH-USD,hgb,,long_short,predict,,0.07607417412808681,0.03816467430045134,1.3756338702452873,-0.01910394538561122,716.0,8.116014320926187,0.00010343567324048093,0.0014380238460252274,365.76083916083917,52,0.46153846153846156,1.1823414820884872,0.6534366666907561,0.302245974632127,0.5305199244702359,,0,0.06795815980716063,1.224882142878231,0.05984214548623444,1.0741304155111746,0.04766812400484516,0.84800282446059,0.0,,,,,,,False,True,False,0.3723457396219678,reject
bt_crypto_5y_SOL-USD_hgb_wv_dwt_db4,C:\Users\dunnm\source\repos\finance-scrapers-portfolio\artifacts\backtests\bt_crypto_5y_SOL-USD_hgb_wv_dwt_db4,SOL-USD,hgb,,long_short,predict,,0.03640683518525045,0.018435359446232313,0.6607554107268027,-0.019417696628338588,716.0,8.31981221794176,5.103215143777047e-05,0.0014770722951950785,365.76083916083917,48,0.5625,2.5189996346016543,0.5059966406152612,0.846875,0.6253040663999198,,0,0.028087022967308695,0.5103036231685866,0.019767210749366933,0.3598518356103703,0.007287492422454293,0.134174154273046,0.0,,,,,,,True,False,False,0.37090612419073365,reject
bt_crypto_5y_SOL-USD_mlp_wv_dwt_db4,C:\Users\dunnm\source\repos\finance-scrapers-portfolio\artifacts\backtests\bt_crypto_5y_SOL-USD_mlp_wv_dwt_db4,SOL-USD,mlp,,long_short,predict,,0.03934266227106664,0.019908069616513258,0.7130044476342118,-0.019103711807803236,716.0,6.542319163859304,5.4979029681178336e-05,0.0014746991651228432,365.76083916083917,48,0.6041666666666666,1.5981138105409483,0.5184437011578581,0.7389428814100933,0.5956184142461405,,0,0.032800343107207336,0.5945056692949016,0.026258023943348033,0.47600689095559134,0.016444545197559078,0.298258723446626,0.0,,,,,,,False,False,False,0.36329064465704664,reject
bt_crypto_5y_ETH-USD_rf_proba_hmm_wavelet,C:\Users\dunnm\source\repos\finance-scrapers-portfolio\artifacts\backtests\bt_crypto_5y_ETH-USD_rf_proba_hmm_wavelet,ETH-USD,rf,,long_short,proba,,0.02378774113156701,0.012081833530434016,0.7804142722801483,-0.011437969828238859,716.0,2.7637594220001716,3.316306705062256e-05,0.0008126959366264462,365.76083916083917,20,0.6,1.9986844466360645,0.5342731161309442,0.8452413343195622,0.5631119924969605,too_few_trades,1,0.021023981709566836,0.6895783295006708,0.018260222287566664,0.5987423867211932,0.014114583154566408,0.46248847255197695,0.0,,,,,,,False,True,False,0.3546172748774178,reject
bt_crypto_5y_SOL-USD_rf_proba_hmm_wavelet,C:\Users\dunnm\source\repos\finance-scrapers-portfolio\artifacts\backtests\bt_crypto_5y_SOL-USD_rf_proba_hmm_wavelet,SOL-USD,rf,,long_short,proba,,0.0558643320884038,0.02815821968103216,0.8449410281644851,-0.0383472962366872,716.0,8.70074401410634,7.74578437787936e-05,0.0017532248066259501,365.76083916083917,68,0.5147058823529411,1.5803965369809412,0.5391774151552141,0.5744137357590705,0.5515101273665639,,0,0.04716358807429746,0.7123835098746215,0.038462844060191126,0.5798259915847578,0.025411728039031613,0.3809897141499622,0.0,,,,,,,False,True,False,0.346817519420467,reject
bt_crypto_5y_ETH-USD_mlp_wv_dwt_db4,C:\Users\dunnm\source\repos\finance-scrapers-portfolio\artifacts\backtests\bt_crypto_5y_ETH-USD_mlp_wv_dwt_db4,ETH-USD,mlp,,long_short,predict,,0.04213831567299464,0.02130857363040617,0.9263477168197408,-0.017404013732151613,716.0,5.904091966983885,5.837065845688135e-05,0.0012050891035398196,365.76083916083917,42,0.5238095238095238,1.3356735873787124,0.565302367405661,0.4802197809870873,0.5355234621591602,,0,0.03623422370601076,0.7954839145992021,0.03033013173902687,0.6646201123786636,0.021473993788551044,0.46832440904785566,0.0,,,,,,,False,True,False,0.34438441261593794,reject
bt_crypto_5y_ETH-USD_hgb_wv_dwt_db8_ar5,C:\Users\dunnm\source\repos\finance-scrapers-portfolio\artifacts\backtests\bt_crypto_5y_ETH-USD_hgb_wv_dwt_db8_ar5,ETH-USD,hgb,,long_short,predict,,0.06444653431530001,0.032418851469594,1.1508195544620234,-0.026024742031312553,716.0,10.041010812458305,8.830622682862688e-05,0.0014675155046159013,365.76083916083917,58,0.4827586206896552,1.184567996793136,0.608333676257462,0.34038318476380774,0.514551004234683,,0,0.0544055235028417,0.9680599049017233,0.0443645126903834,0.7853002553414234,0.029302996471695937,0.5111607810009733,0.0,,,,,,,False,True,False,0.34190057147968245,reject
bt_multi_stops_invvol,C:\Users\dunnm\source\repos\finance-scrapers-portfolio\artifacts\backtests\bt_multi_stops_invvol,,smoke_ml_multi_alloc_smoke\model.joblib,smoke_ml_multi_alloc_smoke,long_short,predict,inverse_vol,1.6145490111446783,6.185949122964785,5.760268558637895,-0.08240004817675306,179.0,,0.005551669930173835,0.0184194228537813,,0,,,0.9487929327832287,0.0,0.6167154063090987,,0,,,,,,,0.0,,,,,,,True,False,False,0.33919347347000434,reject
bt_multi_invvol_voltarget,C:\Users\dunnm\source\repos\finance-scrapers-portfolio\artifacts\backtests\bt_multi_invvol_voltarget,,smoke_ml_multi_alloc_smoke\model.joblib,smoke_ml_multi_alloc_smoke,long_short,predict,inverse_vol,0.6218888130898108,1.6825547646299772,5.005257509102616,-0.10547500939501031,180.0,,0.0027449423006259484,0.010480980340237924,,0,,,0.9317948991693077,0.0,0.60566668446005,,0,,,,,,,0.0,,,,,,,True,False,False,0.3331166764530275,reject
bt_smoke_multi,C:\Users\dunnm\source\repos\finance-scrapers-portfolio\artifacts\backtests\bt_smoke_multi,,smoke_ml_multi_alloc_smoke\model.joblib,smoke_ml_multi_alloc_smoke,long_short,,,1.353796370994774,4.7358192388697065,5.89660418018364,-0.12232265268195253,180.0,,0.004892038828612868,0.015855612803671558,,0,,,0.9259038909633284,0.0,0.6018375291261635,,0,,,,,,,0.0,,,,,,,True,False,False,0.33101064101938993,reject
bt_btc_open,C:\Users\dunnm\source\repos\finance-scrapers-portfolio\artifacts\backtests\bt_btc_open,BTC-USD,smoke_ml_btc_6mo\model.joblib,smoke_ml_btc_6mo,long_short,predict,,1.4497284987342387,5.222949450476904,5.489116729717518,-0.12869777920849845,180.0,49.0,0.00514926551515627,0.017928251342395507,,0,,,0.9208118026678398,0.0,0.5985276717340959,,0,1.4007284987342388,,1.3517284987342386,,1.2782284987342387,,0.0,,,,,,,False,False,False,0.32919021945375276,reject
bt_btc_proba_longonly,C:\Users\dunnm\source\repos\finance-scrapers-portfolio\artifacts\backtests\bt_btc_proba_longonly,BTC-USD,smoke_ml_btc_6mo\model.joblib,smoke_ml_btc_6mo,long_only,proba,,0.30727522738536517,0.7276161400641794,2.925932037858539,-0.061672084616330225,180.0,36.0,0.0015400862654790977,0.010059489132938432,,0,,,0.908517901036236,0.0,0.5905366356735534,,0,0.27127522738536514,,0.23527522738536516,,0.18127522738536517,,0.0,,,,,,,False,False,False,0.3247951496204544,reject
bt_smoke_btc,C:\Users\dunnm\source\repos\finance-scrapers-portfolio\artifacts\backtests\bt_smoke_btc,BTC-USD,smoke_ml_btc_6mo\model.joblib,smoke_ml_btc_6mo,long_short,,,1.150749155190816,3.7714495505365973,4.71337355121953,-0.14528066849407895,180.0,71.0,0.004423451426604021,0.01793595536723796,,0,,,0.9063583169450241,0.0,0.5891329060142657,,0,1.079749155190816,,1.008749155190816,,0.902249155190816,,0.0,,,,,,,False,False,False,0.32402309830784615,reject
bt_btc_stops,C:\Users\dunnm\source\repos\finance-scrapers-portfolio\artifacts\backtests\bt_btc_stops,BTC-USD,smoke_ml_btc_6mo\model.joblib,smoke_ml_btc_6mo,long_short,predict,,1.2511713525815265,4.286040336574531,4.596926945108187,-0.14386066521221963,179.0,81.0,0.0047348365414712846,0.01968486773279458,,0,,,0.9060991530272839,0.0,0.5889644494677346,,0,1.1701713525815265,,1.0891713525815265,,0.9676713525815264,,0.0,,,,,,,False,False,False,0.32393044720725406,reject
bt_crypto_5y_ETH-USD_rf_wv_cwt_ricker,C:\Users\dunnm\source\repos\finance-scrapers-portfolio\artifacts\backtests\bt_crypto_5y_ETH-USD_rf_wv_cwt_ricker,ETH-USD,rf,,long_short,predict,,0.07873025723380622,0.039472915852887924,0.748162783357484,-0.05971993182492208,716.0,11.16116462895007,0.00010978298787100889,0.0028063223053155575,365.76083916083917,200,0.56,1.2640659301882151,0.5107872234002856,0.5113296685846969,0.5109770792148296,,0,0.06756909260485615,0.6419302480814731,0.05640792797590608,0.5356977128054623,0.03966618103248098,0.3763489098914459,0.0,,,,,,,False,True,False,0.321214722028566,reject
bt_crypto_5y_ETH-USD_rf_wv_cwt_ricker_ar5,C:\Users\dunnm\source\repos\finance-scrapers-portfolio\artifacts\backtests\bt_crypto_5y_ETH-USD_rf_wv_cwt_ricker_ar5,ETH-USD,rf,,long_short,predict,,0.07996375580706339,0.04007993409714827,0.7591117550042977,-0.059719931824921524,716.0,10.723083228897632,0.00011137849498823112,0.0028060424132378583,365.76083916083917,200,0.555,1.248173470931371,0.5134266507017887,0.495428061919117,0.5071271446278536,,0,0.06924067257816575,0.6570387204978082,0.05851758934926812,0.5549656859913189,0.04243296450592167,0.40185613423158484,0.0,,,,,,,False,True,False,0.3205423559946684,reject
bt_btc_trailing,C:\Users\dunnm\source\repos\finance-scrapers-portfolio\artifacts\backtests\bt_btc_trailing,BTC-USD,ml_outputs_btc\model.joblib,ml_outputs_btc,long_short,predict,,0.4604734629482894,1.1753816783733004,2.8879735226058263,-0.09563553517167434,128.0,57.0,0.0031847383182183327,0.021075391861138718,,0,,,0.8910985142131496,0.0,0.5792140342385472,,0,0.4034734629482894,,0.3464734629482894,,0.2609734629482894,,0.0,False,,,,,0.0,False,False,False,0.318567718831201,reject
bt_crypto_5y_SOL-USD_mlp_wv_dwt_db6,C:\Users\dunnm\source\repos\finance-scrapers-portfolio\artifacts\backtests\bt_crypto_5y_SOL-USD_mlp_wv_dwt_db6,SOL-USD,mlp,,long_short,predict,,0.04686472543549591,0.023672131519349993,0.6868671536485105,-0.020276101686630854,716.0,9.196908245258578,6.563561126216198e-05,0.0018275336742599605,365.76083916083917,84,0.5595238095238095,1.2881794018115034,0.5135716794346105,0.5213473974818432,0.516293180751142,,0,0.03766781719023733,0.5524477247542148,0.028470908944978755,0.4180282958599191,0.014675546577090887,0.21639915251847552,0.0,,,,,,,False,False,False,0.3153133716026221,reject
bt_crypto_5y_SOL-USD_rf_fft,C:\Users\dunnm\source\repos\finance-scrapers-portfolio\artifacts\backtests\bt_crypto_5y_SOL-USD_rf_fft,SOL-USD,rf,,long_short,predict,,0.07987012262829873,0.04003386807658127,0.6821689788417103,-0.08102514047023612,716.0,7.794670587322631,0.00011227476429260113,0.0031476670529344644,365.76083916083917,249,0.5261044176706827,1.3571239187247166,0.4840408899273489,0.49388849434981724,0.48748755147521283,,0,0.0720754520409761,0.6160243539251101,0.06428078145365347,0.5498797290085101,0.05258877557266953,0.45066279163360984,0.0,,,,,,,False,True,False,0.30935913298700535,reject
bt_crypto_5y_SOL-USD_rf_voltarget,C:\Users\dunnm\source\repos\finance-scrapers-portfolio\artifacts\backtests\bt_crypto_5y_SOL-USD_rf_voltarget,SOL-USD,rf,,long_short,predict,,0.07987012262829873,0.04003386807658127,0.6821689788417103,-0.08102514047023612,716.0,7.794670587322631,0.00011227476429260113,0.0031476670529344644,365.76083916083917,249,0.5261044176706827,1.3571239187247166,0.4840408899273489,0.49388849434981724,0.48748755147521283,,0,0.0720754520409761,0.6160243539251101,0.06428078145365347,0.5498797290085101,0.05258877557266953,0.45066279163360984,0.0,,,,,,,False,True,False,0.30935913298700535,reject
bt_crypto_5y_SOL-USD_rf_wv_cwt_morlet,C:\Users\dunnm\source\repos\finance-scrapers-portfolio\artifacts\backtests\bt_crypto_5y_SOL-USD_rf_wv_cwt_morlet,SOL-USD,rf,,long_short,predict,,0.07987012262829873,0.04003386807658127,0.6821689788417103,-0.08102514047023612,716.0,7.794670587322631,0.00011227476429260113,0.0031476670529344644,365.76083916083917,249,0.5261044176706827,1.3571239187247166,0.4840408899273489,0.49388849434981724,0.48748755147521283,,0,0.0720754520409761,0.6160243539251101,0.06428078145365347,0.5498797290085101,0.05258877557266953,0.45066279163360984,0.0,,,,,,,False,True,False,0.30935913298700535,reject
bt_crypto_5y_SOL-USD_rf_wv_cwt_morlet_ar5,C:\Users\dunnm\source\repos\finance-scrapers-portfolio\artifacts\backtests\bt_crypto_5y_SOL-USD_rf_wv_cwt_morlet_ar5,SOL-USD,rf,,long_short,predict,,0.07987012262829873,0.04003386807658127,0.6821689788417103,-0.08102514047023612,716.0,7.794670587322631,0.00011227476429260113,0.0031476670529344644,365.76083916083917,249,0.5261044176706827,1.3571239187247166,0.4840408899273489,0.49388849434981724,0.48748755147521283,,0,0.0720754520409761,0.6160243539251101,0.06428078145365347,0.5498797290085101,0.05258877557266953,0.45066279163360984,0.0,,,,,,,False,True,False,0.30935913298700535,reject
bt_crypto_5y_ETH-USD_hgb_wv_cwt_morlet_ar5,C:\Users\dunnm\source\repos\finance-scrapers-portfolio\artifacts\backtests\bt_crypto_5y_ETH-USD_hgb_wv_cwt_morlet_ar5,ETH-USD,hgb,,long_short,predict,,0.10848004352224772,0.05401975815121518,0.9350907225817444,-0.0598253686341389,716.0,22.22637462539012,0.0001484558528803558,0.003036282515608842,365.76083916083917,239,0.5062761506276151,1.1155197973603466,0.5561780354959254,0.3504671724104824,0.48417923341602037,,0,0.0862536688968576,0.7395613387702122,0.06402729427146747,0.54403195495868,0.03068773233338229,0.25073787924138174,0.0,,,,,,,False,True,False,0.3071009750007122,reject
bt_crypto_5y_ETH-USD_hgb_wv_cwt_ricker_ar5,C:\Users\dunnm\source\repos\finance-scrapers-portfolio\artifacts\backtests\bt_crypto_5y_ETH-USD_hgb_wv_cwt_ricker_ar5,ETH-USD,hgb,,long_short,predict,,0.14257380838169142,0.0704577950339802,1.2996828964891152,-0.04337954115829801,716.0,18.01250159040076,0.0001900730822291154,0.0027969314095260185,365.76083916083917,199,0.4824120603015075,0.9914365318017773,0.6402716817100483,0.25672110552763816,0.42602898004620476,weak_profit_factor,1,0.12456130679129067,1.1276633508070928,0.10654880520088991,0.9556438051250702,0.07953005281528877,0.6976144866020363,0.0,,,,,,,False,True,False,0.3059892244097929,reject
bt_crypto_5y_ETH-USD_hgb_wv_cwt_ricker,C:\Users\dunnm\source\repos\finance-scrapers-portfolio\artifacts\backtests\bt_crypto_5y_ETH-USD_hgb_wv_cwt_ricker,ETH-USD,hgb,,long_short,predict,,0.14126879869511733,0.0698330474641129,1.2886230736795625,-0.044059978061184224,716.0,18.4505829904532,0.0001884775751118932,0.002797257099653719,365.76083916083917,199,0.48743718592964824,1.0050653836874544,0.6377499129545188,0.2677944980362389,0.42826551773312077,weak_profit_factor,1,0.12281821570466413,1.112440362532402,0.10436763271421093,0.9362576513852414,0.07669175822853112,0.6719835846645005,0.0,,,,,,,False,True,False,0.30576535860710957,reject
bt_crypto_5y_SOL-USD_rf_hmm,C:\Users\dunnm\source\repos\finance-scrapers-portfolio\artifacts\backtests\bt_crypto_5y_SOL-USD_rf_hmm,SOL-USD,rf,,long_short,predict,,0.08113749653933233,0.040657230032471015,0.6995702223671962,-0.08102514047023612,716.0,7.594068152539425,0.00011379879801978241,0.0031110354671961588,365.76083916083917,246,0.5203252032520326,1.2927479123768135,0.4881743853665635,0.4548056662606231,0.4764953336794843,,0,0.07354342838679291,0.6343690945015248,0.06594936023425349,0.5691679666358532,0.054558258005444345,0.47136627483734617,0.0,,,,,,,False,True,False,0.30476003102140536,reject
bt_crypto_5y_SOL-USD_rf_wv_dwt_db8_ar5,C:\Users\dunnm\source\repos\finance-scrapers-portfolio\artifacts\backtests\bt_crypto_5y_SOL-USD_rf_wv_dwt_db8_ar5,SOL-USD,rf,,long_short,predict,,0.04169330979910546,0.02108576761861447,0.5110186952242775,-0.05212896280212598,716.0,11.956919612580577,5.9528735915466854e-05,0.002227862966197642,365.76083916083917,117,0.5299145299145299,1.686134065015079,0.4536625289276366,0.6486107566072128,0.5218944086154883,,0,0.02973639018652488,0.3676625166865006,0.017779470573944304,0.22430633814872367,-0.00015590884492656248,0.009272070342058342,0.0,,,,,,,False,False,False,0.3038649000996729,reject
bt_crypto_5y_ETH-USD_rf_wv_cwt_morlet_ar5,C:\Users\dunnm\source\repos\finance-scrapers-portfolio\artifacts\backtests\bt_crypto_5y_ETH-USD_rf_wv_cwt_morlet_ar5,ETH-USD,rf,,long_short,predict,,0.07219734620523721,0.036252321804359555,0.6417388899395787,-0.05251455033013863,716.0,14.16556680136409,0.00010197898087763467,0.0030391414330816127,365.76083916083917,240,0.5541666666666667,1.2858584766698113,0.4899943308394119,0.5109279811680818,0.4973211084544464,,0,0.05803177940387312,0.5172390980956536,0.04386621260250903,0.39273930625172826,0.022617862400462894,0.20598961848584044,0.0,,,,,,,False,False,False,0.30298205761882513,reject
bt_crypto_5y_ETH-USD_hgb_wv_cwt_morlet,C:\Users\dunnm\source\repos\finance-scrapers-portfolio\artifacts\backtests\bt_crypto_5y_ETH-USD_hgb_wv_cwt_morlet,ETH-USD,hgb,,long_short,predict,,0.10421823717920264,0.05194767231017128,0.9020760839049966,-0.06344008613035546,716.0,22.22637462539012,0.00014306542403255289,0.003033123683289513,365.76083916083917,238,0.5042016806722689,1.1151130349777063,0.5464704707864027,0.3466538069164384,0.4765346384319152,,0,0.08199186255381252,0.7063430669411584,0.0597654879284224,0.5106100499773202,0.026425925990337218,0.21701052453156283,0.0,,,,,,,False,True,False,0.3003898048858524,reject
bt_crypto_5y_SOL-USD_rf_proba_hmm_fft,C:\Users\dunnm\source\repos\finance-scrapers-portfolio\artifacts\backtests\bt_crypto_5y_SOL-USD_rf_proba_hmm_fft,SOL-USD,rf,,long_short,proba,,0.06946995356816732,0.034904932521358845,0.7750614258972884,-0.05883966967190635,716.0,10.129689483599517,9.664629156798293e-05,0.0023847764474620894,365.76083916083917,135,0.5037037037037037,1.2074658960968456,0.5152014823799363,0.38734113472506193,0.4704503607007303,,0,0.0593402640845678,0.6616037092583281,0.04921057460096828,0.5481459926193678,0.03401604037556901,0.3779594176609273,0.0,,,,,,,False,True,False,0.2998586478318543,reject
bt_crypto_5y_ETH-USD_rf_wv_cwt_morlet,C:\Users\dunnm\source\repos\finance-scrapers-portfolio\artifacts\backtests\bt_crypto_5y_ETH-USD_rf_wv_cwt_morlet,ETH-USD,rf,,long_short,predict,,0.06827929233817831,0.03431619384057161,0.6100898122721339,-0.052514550330138965,716.0,13.781692447200097,9.685662071290718e-05,0.0030362263311654665,365.76083916083917,239,0.5523012552301255,1.285420174712887,0.4819877959503311,0.5074662752735188,0.4909052637134468,,0,0.054497599890978216,0.4888475610017268,0.040715907443778114,0.3676053097313197,0.020043368772977972,0.18574193282570914,0.0,,,,,,,False,False,False,0.2975682932722447,reject
bt_crypto_5y_ETH-USD_hgb_proba_hmm_wavelet,C:\Users\dunnm\source\repos\finance-scrapers-portfolio\artifacts\backtests\bt_crypto_5y_ETH-USD_hgb_proba_hmm_wavelet,ETH-USD,hgb,,long_short,proba,,0.06938949582010157,0.03486515919478239,1.320038816154309,-0.02042118307475216,716.0,9.543081001462824,9.463885226241056e-05,0.001371138625712329,365.76083916083917,57,0.45614035087719296,1.0013602849399434,0.6421687897940276,0.21135774225806223,0.4113849231564397,weak_profit_factor,1,0.05984641481863874,1.1341330650857937,0.050303333817175916,0.9482273140172789,0.035988712314981686,0.6693686874145062,0.0,,,,,,,False,True,False,0.2973787562873378,reject
bt_crypto_5y_SOL-USD_mlp_wv_dwt_db8_ar5,C:\Users\dunnm\source\repos\finance-scrapers-portfolio\artifacts\backtests\bt_crypto_5y_SOL-USD_mlp_wv_dwt_db8_ar5,SOL-USD,mlp,,long_short,predict,,0.04324664166689063,0.021863289249803408,0.5287877859280751,-0.049101397317002804,716.0,10.48243392614382,6.16114300418579e-05,0.0022283247118435007,365.76083916083917,117,0.5641025641025641,1.3679112950333752,0.4599156688252381,0.5652395699445059,0.49677903421698183,,0,0.03276420774074681,0.40313583464102737,0.022281773814602987,0.2774838833539797,0.0065581229253872594,0.08900595642340818,0.0,,,,,,,False,False,False,0.2940397600708885,reject
bt_crypto_5y_ETH-USD_rf_fft,C:\Users\dunnm\source\repos\finance-scrapers-portfolio\artifacts\backtests\bt_crypto_5y_ETH-USD_rf_fft,ETH-USD,rf,,long_short,predict,,0.06343427385240252,0.0319171913479257,0.5542649991854397,-0.06483520881612759,716.0,14.161163272639264,9.080729282910028e-05,0.0031332992631054666,365.76083916083917,248,0.5524193548387096,1.2890521187520836,0.4609450021629646,0.5093073244061794,0.47787181494808983,,0,0.04927311057976326,0.4335440521511076,0.035111947307124,0.31282310511677536,0.013870202398165096,0.13174168456527713,0.0,,,,,,,False,False,False,0.28629123110520754,reject
bt_crypto_5y_ETH-USD_rf_voltarget,C:\Users\dunnm\source\repos\finance-scrapers-portfolio\artifacts\backtests\bt_crypto_5y_ETH-USD_rf_voltarget,ETH-USD,rf,,long_short,predict,,0.06343427385240252,0.0319171913479257,0.5542649991854397,-0.06483520881612759,716.0,14.161163272639264,9.080729282910028e-05,0.0031332992631054666,365.76083916083917,248,0.5524193548387096,1.2890521187520836,0.4609450021629646,0.5093073244061794,0.47787181494808983,,0,0.04927311057976326,0.4335440521511076,0.035111947307124,0.31282310511677536,0.013870202398165096,0.13174168456527713,0.0,,,,,,,False,False,False,0.28629123110520754,reject
bt_btc_trailing_d5_fix,C:\Users\dunnm\source\repos\finance-scrapers-portfolio\artifacts\backtests\bt_btc_trailing_d5_fix,BTC-USD,ml_outputs_btc\model.joblib,ml_outputs_btc,long_short,predict,,0.2024189456844152,0.4597276170573683,1.882330784335115,-0.08912404633061466,128.0,181.0,0.0015645848899578743,0.015885405271494644,,0,,,0.7956636213599444,0.0,0.5171813538839639,,0,0.021418945684415214,,-0.15958105431558478,,-0.43108105431558486,,0.0,False,,,,,0.0,False,False,False,0.28444974463618017,reject
bt_btc_trailing_d5,C:\Users\dunnm\source\repos\finance-scrapers-portfolio\artifacts\backtests\bt_btc_trailing_d5,BTC-USD,ml_outputs_btc\model.joblib,ml_outputs_btc,long_short,predict,,0.2662396202338637,0.6231519124322429,1.8772766991366994,-0.1113557843399795,128.0,57.0,0.0020660369606051985,0.021033178581977112,,0,,,0.7940517409536108,0.0,0.516133631619847,,0,0.20923962023386372,,0.15223962023386373,,0.0667396202338637,,0.0,False,,,,,0.0,False,False,False,0.2838734973909159,reject
bt_crypto_5y_ETH-USD_hgb_fft,C:\Users\dunnm\source\repos\finance-scrapers-portfolio\artifacts\backtests\bt_crypto_5y_ETH-USD_hgb_fft,ETH-USD,hgb,,long_short,predict,,0.0984498063776118,0.04913682618690207,0.8313761723446708,-0.06833267065105786,716.0,21.54829511239096,0.0001360470380591816,0.0031296092757696504,365.76083916083917,247,0.4979757085020243,1.056643151559441,0.5277064803886267,0.3094469080802909,0.45131563008070913,,0,0.07690151126522085,0.6474648891030294,0.055353216152829884,0.463553605861388,0.02303077348424344,0.18768668099892596,0.0,,,,,,,False,False,False,0.2829901169839941,reject
bt_crypto_5y_ETH-USD_hgb_voltarget,C:\Users\dunnm\source\repos\finance-scrapers-portfolio\artifacts\backtests\bt_crypto_5y_ETH-USD_hgb_voltarget,ETH-USD,hgb,,long_short,predict,,0.0984498063776118,0.04913682618690207,0.8313761723446708,-0.06833267065105786,716.0,21.54829511239096,0.0001360470380591816,0.0031296092757696504,365.76083916083917,247,0.4979757085020243,1.056643151559441,0.5277064803886267,0.3094469080802909,0.45131563008070913,,0,0.07690151126522085,0.6474648891030294,0.055353216152829884,0.463553605861388,0.02303077348424344,0.18768668099892596,0.0,,,,,,,False,False,False,0.2829901169839941,reject
bt_crypto_5y_ETH-USD_rf_baseline,C:\Users\dunnm\source\repos\finance-scrapers-portfolio\artifacts\backtests\bt_crypto_5y_ETH-USD_rf_baseline,ETH-USD,rf,,long_short,predict,,0.311600612036236,0.1486234432610749,0.5513359304778613,-0.37322705792498767,716.0,67.0,0.0005844262167968881,0.02027271878130329,365.76083916083917,33,0.6060606060606061,2.154306494141015,0.32685432272911674,0.9231060606060606,0.455542430986047,drawdown_too_high,1,0.244600612036236,0.46305876354325276,0.177600612036236,0.3747815966086441,0.077100612036236,0.2423658462067312,0.0,,,,,,,False,False,False,0.2786569567879742,reject
bt_crypto_5y_ETH-USD_mlp_hmm,C:\Users\dunnm\source\repos\finance-scrapers-portfolio\artifacts\backtests\bt_crypto_5y_ETH-USD_mlp_hmm,ETH-USD,mlp,,long_short,predict,,0.06516701408243275,0.032775767593589133,0.5843629078626118,-0.07819011145733656,716.0,2.8863964981322656,9.27835399015515e-05,0.003036595183625024,365.76083916083917,241,0.5145228215767634,1.1065540169789996,0.46046563448588995,0.3608642453998858,0.42560514830578855,,0,0.062280617584300486,0.5589733773434422,0.05939422108616822,0.5335838468242726,0.05506462633896982,0.4954995510455184,0.0,,,,,,,False,True,False,0.27410162008000416,reject
bt_crypto_5y_ETH-USD_mlp_proba_hmm_fft,C:\Users\dunnm\source\repos\finance-scrapers-portfolio\artifacts\backtests\bt_crypto_5y_ETH-USD_mlp_proba_hmm_fft,ETH-USD,mlp,,long_short,proba,,0.06516701408243275,0.032775767593589133,0.5843629078626118,-0.07819011145733656,716.0,2.8863964981322656,9.27835399015515e-05,0.003036595183625024,365.76083916083917,241,0.5145228215767634,1.1065540169789996,0.46046563448588995,0.3608642453998858,0.42560514830578855,,0,0.062280617584300486,0.5589733773434422,0.05939422108616822,0.5335838468242726,0.05506462633896982,0.4954995510455184,0.0,,,,,,,False,True,False,0.27410162008000416,reject
bt_crypto_5y_ETH-USD_mlp_fft,C:\Users\dunnm\source\repos\finance-scrapers-portfolio\artifacts\backtests\bt_crypto_5y_ETH-USD_mlp_fft,ETH-USD,mlp,,long_short,predict,,0.0628090784159594,0.03160723778197316,0.5492222205489767,-0.07930060598449595,716.0,2.172888234836039,8.998764651360543e-05,0.0031335266780781056,365.76083916083917,249,0.5180722891566265,1.1233095761400678,0.4512056898293263,0.37461581528712684,0.42439923373955646,,0,0.06063619018112336,0.5307001483755956,0.05846330194628732,0.5121780762022146,0.05520396959403326,0.484394967942143,0.0,,,,,,,False,True,False,0.2718329342719222,reject
bt_crypto_5y_ETH-USD_mlp_voltarget,C:\Users\dunnm\source\repos\finance-scrapers-portfolio\artifacts\backtests\bt_crypto_5y_ETH-USD_mlp_voltarget,ETH-USD,mlp,,long_short,predict,,0.0628090784159594,0.03160723778197316,0.5492222205489767,-0.07930060598449595,716.0,2.172888234836039,8.998764651360543e-05,0.0031335266780781056,365.76083916083917,249,0.5180722891566265,1.1233095761400678,0.4512056898293263,0.37461581528712684,0.42439923373955646,,0,0.06063619018112336,0.5307001483755956,0.05846330194628732,0.5121780762022146,0.05520396959403326,0.484394967942143,0.0,,,,,,,False,True,False,0.2718329342719222,reject
bt_crypto_5y_ETH-USD_rf_proba_hmm_fft,C:\Users\dunnm\source\repos\finance-scrapers-portfolio\artifacts\backtests\bt_crypto_5y_ETH-USD_rf_proba_hmm_fft,ETH-USD,rf,,long_short,proba,,0.03065968201904634,0.01554647348254079,0.4625895819697985,-0.0404721901767402,716.0,6.934498580020802,4.3816309408449344e-05,0.0018115008806612045,365.76083916083917,83,0.6024096385542169,1.5368754830094573,0.4466779351965391,0.7083108348241354,0.4582494500661978,low_sharpe,1,0.02372518343902554,0.3603398697634543,0.016790684859004736,0.25809015755711007,0.006388936988973536,0.10471558924759373,0.0,,,,,,,False,False,False,0.2713939593531921,reject
bt_crypto_5y_ETH-USD_hgb_wavelet,C:\Users\dunnm\source\repos\finance-scrapers-portfolio\artifacts\backtests\bt_crypto_5y_ETH-USD_hgb_wavelet,ETH-USD,hgb,,long_short,predict,,0.048176058999606086,0.024326970738691722,0.8277118047162982,-0.03655287545887209,716.0,10.559011150882803,6.691044890712742e-05,0.0015460139099093002,365.76083916083917,62,0.45161290322580644,1.067640517239786,0.53495746279401,0.23326081340306498,0.42936363550717926,,0,0.03761704784872329,0.6452821518674954,0.02705803669784048,0.4628524990186928,0.011219519971516274,0.1892080197454886,0.0,,,,,,,False,False,False,0.27086393695535055,reject
bt_crypto_5y_ETH-USD_hgb_wv_dwt_db8,C:\Users\dunnm\source\repos\finance-scrapers-portfolio\artifacts\backtests\bt_crypto_5y_ETH-USD_hgb_wv_dwt_db8,ETH-USD,hgb,,long_short,predict,,0.048176058999606086,0.024326970738691722,0.8277118047162982,-0.03655287545887209,716.0,10.559011150882803,6.691044890712742e-05,0.0015460139099093002,365.76083916083917,62,0.45161290322580644,1.067640517239786,0.53495746279401,0.23326081340306498,0.42936363550717926,,0,0.03761704784872329,0.6452821518674954,0.02705803669784048,0.4628524990186928,0.011219519971516274,0.1892080197454886,0.0,,,,,,,False,False,False,0.27086393695535055,reject
bt_crypto_5y_SOL-USD_rf_baseline,C:\Users\dunnm\source\repos\finance-scrapers-portfolio\artifacts\backtests\bt_crypto_5y_SOL-USD_rf_baseline,SOL-USD,rf,,long_short,predict,,0.5408631770804102,0.24714584275657692,0.7292582618645971,-0.44684605755903095,716.0,47.0,0.0008499207014339493,0.022289260091420036,365.76083916083917,23,0.6521739130434783,4.774722829627156,0.35521902254067655,0.9533333333333334,0.40455903131810644,"drawdown_too_high,too_few_trades",2,0.4938631770804102,0.6729350015672912,0.44686317708041023,0.6166117412699854,0.3763631770804102,0.5321268508240268,0.0,,,,,,,False,True,False,0.2687533478202075,reject
bt_btc_trailing_atr,C:\Users\dunnm\source\repos\finance-scrapers-portfolio\artifacts\backtests\bt_btc_trailing_atr,BTC-USD,ml_outputs_btc\model.joblib,ml_outputs_btc,long_short,predict,,0.20700693949639626,0.4711795779371786,1.5539519469135656,-0.11638325838813235,128.0,69.0,0.001684571257407098,0.020717956351131453,,0,,,0.7385675321787233,0.0,0.48006889591617014,,0,0.13800693949639625,,0.06900693949639625,,-0.034493060503603734,,0.0,False,,,,,0.0,False,False,False,0.2640378927538936,reject
bt_crypto_5y_ETH-USD_hgb_baseline,C:\Users\dunnm\source\repos\finance-scrapers-portfolio\artifacts\backtests\bt_crypto_5y_ETH-USD_hgb_baseline,ETH-USD,hgb,,long_short,predict,,1.0464998412438646,0.4417068557121284,1.138289911620618,-0.368633608137397,716.0,123.0,0.0012017918726404278,0.0201917973276776,365.76083916083917,61,0.47540983606557374,1.1188068334182628,0.5200722449871539,0.2979302881529723,0.3623225600951903,drawdown_too_high,1,0.9234998412438646,0.9755793615555237,0.8004998412438646,0.8128688114904293,0.6159998412438646,0.5688029863927878,0.0,,,,,,,False,True,False,0.2602425689141369,reject
bt_crypto_5y_ETH-USD_mlp_wv_cwt_morlet,C:\Users\dunnm\source\repos\finance-scrapers-portfolio\artifacts\backtests\bt_crypto_5y_ETH-USD_mlp_wv_cwt_morlet,ETH-USD,mlp,,long_short,predict,,0.05698982598084901,0.028717933434200482,0.5164753721309998,-0.07930060598449695,716.0,2.850967747835204,8.202222211425765e-05,0.0030372498282165844,365.76083916083917,240,0.5125,1.0732971019520392,0.4423446747692403,0.34235869587841755,0.4073495821574523,,0,0.0541388582330138,0.4914028878117635,0.0512878904851786,0.4663304034925273,0.04701143886342579,0.4287216770136729,0.0,,,,,,,False,False,False,0.25901705044853834,reject
bt_eurusd_rescore_EURUSD=X_hgb_baseline,C:\Users\dunnm\source\repos\finance-scrapers-portfolio\artifacts\backtests\bt_eurusd_rescore_EURUSD=X_hgb_baseline,EURUSD=X,hgb,,long_short,predict,,0.0064288410412458585,0.0012904288540482867,0.05161840649896899,-0.0758276872708944,1287.0,125.0,8.433971951489475e-06,0.002629502754171336,258.99545454545455,62,0.6129032258064516,2.475420329744083,0.3192219579287197,0.9350806451612903,0.4547724984601194,low_sharpe,1,-0.11857115895875414,-0.5428159565142626,-0.24357115895875414,-1.1372503195274943,-0.43107115895875414,-2.0289018640473415,0.0,,,,,,,False,False,False,0.2501248741530657,reject
bt_eurusd_sweep5y_dbwavelet_EURUSD=X_hgb_baseline,C:\Users\dunnm\source\repos\finance-scrapers-portfolio\artifacts\backtests\bt_eurusd_sweep5y_dbwavelet_EURUSD=X_hgb_baseline,EURUSD=X,hgb,,long_short,predict,,0.0064288410412458585,0.0012904288540482867,0.05161840649896899,-0.0758276872708944,1287.0,125.0,8.433971951489475e-06,0.002629502754171336,258.99545454545455,62,0.6129032258064516,2.475420329744083,0.3192219579287197,0.9350806451612903,0.4547724984601194,low_sharpe,1,-0.11857115895875414,-0.5428159565142626,-0.24357115895875414,-1.1372503195274943,-0.43107115895875414,-2.0289018640473415,0.0,,,,,,,False,False,False,0.2501248741530657,reject
bt_eurusd_sweep5y_EURUSD=X_hgb_baseline,C:\Users\dunnm\source\repos\finance-scrapers-portfolio\artifacts\backtests\bt_eurusd_sweep5y_EURUSD=X_hgb_baseline,EURUSD=X,hgb,,long_short,predict,,0.0064288410412458585,0.0012904288540482867,0.05161840649896899,-0.0758276872708944,1287.0,125.0,8.433971951489475e-06,0.002629502754171336,258.99545454545455,62,0.6129032258064516,2.475420329744083,0.3192219579287197,0.9350806451612903,0.4547724984601194,low_sharpe,1,-0.11857115895875414,-0.5428159565142626,-0.24357115895875414,-1.1372503195274943,-0.43107115895875414,-2.0289018640473415,0.0,,,,,,,False,False,False,0.2501248741530657,reject
bt_eurusd_sweep5y_wavelet2_EURUSD=X_hgb_baseline,C:\Users\dunnm\source\repos\finance-scrapers-portfolio\artifacts\backtests\bt_eurusd_sweep5y_wavelet2_EURUSD=X_hgb_baseline,EURUSD=X,hgb,,long_short,predict,,0.0064288410412458585,0.0012904288540482867,0.05161840649896899,-0.0758276872708944,1287.0,125.0,8.433971951489475e-06,0.002629502754171336,258.99545454545455,62,0.6129032258064516,2.475420329744083,0.3192219579287197,0.9350806451612903,0.4547724984601194,low_sharpe,1,-0.11857115895875414,-0.5428159565142626,-0.24357115895875414,-1.1372503195274943,-0.43107115895875414,-2.0289018640473415,0.0,,,,,,,False,False,False,0.2501248741530657,reject
bt_eurusd_sweep5y_wavelet_EURUSD=X_hgb_baseline,C:\Users\dunnm\source\repos\finance-scrapers-portfolio\artifacts\backtests\bt_eurusd_sweep5y_wavelet_EURUSD=X_hgb_baseline,EURUSD=X,hgb,,long_short,predict,,0.0064288410412458585,0.0012904288540482867,0.05161840649896899,-0.0758276872708944,1287.0,125.0,8.433971951489475e-06,0.002629502754171336,258.99545454545455,62,0.6129032258064516,2.475420329744083,0.3192219579287197,0.9350806451612903,0.4547724984601194,low_sharpe,1,-0.11857115895875414,-0.5428159565142626,-0.24357115895875414,-1.1372503195274943,-0.43107115895875414,-2.0289018640473415,0.0,,,,,,,False,False,False,0.2501248741530657,reject
bt_crypto_5y_SOL-USD_mlp_proba_hmm_wavelet,C:\Users\dunnm\source\repos\finance-scrapers-portfolio\artifacts\backtests\bt_crypto_5y_SOL-USD_mlp_proba_hmm_wavelet,SOL-USD,mlp,,long_short,proba,,0.03323719126908897,0.016843066086844827,0.41050207427230506,-0.06232189056581583,716.0,9.809805781149471,4.818360534442047e-05,0.0022448252547669217,365.76083916083917,115,0.5652173913043478,1.4696490674896745,0.422066714382067,0.6129725151529621,0.40888374465188027,low_sharpe,1,0.023427385487939503,0.29377719061180724,0.01361757970679003,0.17705230695130939,-0.001097128964934177,0.001964981460562628,0.0,,,,,,,False,False,False,0.23816498257988236,reject
bt_crypto_5y_SOL-USD_rf_wv_cwt_ricker,C:\Users\dunnm\source\repos\finance-scrapers-portfolio\artifacts\backtests\bt_crypto_5y_SOL-USD_rf_wv_cwt_ricker,SOL-USD,rf,,long_short,predict,,0.05090498575265112,0.025688428459362145,0.48264346155658633,-0.06178435008884653,716.0,8.58024441836871,7.35973803871756e-05,0.00291631567292447,365.76083916083917,207,0.5265700483091788,1.360737542773984,0.44332062450931015,0.4963294787893556,0.38187372350732607,low_sharpe,1,0.04232474133428241,0.40405646199262957,0.033744496915913705,0.3254694624286728,0.020874130288360635,0.2075889630827378,0.0,,,,,,,False,False,False,0.23444075761117983,reject
bt_crypto_5y_SOL-USD_rf_wavelet,C:\Users\dunnm\source\repos\finance-scrapers-portfolio\artifacts\backtests\bt_crypto_5y_SOL-USD_rf_wavelet,SOL-USD,rf,,long_short,predict,,0.033157487843647804,0.01680299572495292,0.4017152978031505,-0.06530736333049114,716.0,11.284291467586229,4.818763189452358e-05,0.0022941183364622365,365.76083916083917,118,0.5254237288135594,1.6159655436030271,0.4181995034662823,0.6091760200450911,0.4050412842688654,low_sharpe,1,0.021873196376061575,0.2703308199818059,0.010588904908475347,0.13894634216046134,-0.0063375322929039996,-0.05813037457155563,0.0,,,,,,,False,False,False,0.23319368200991056,reject
bt_crypto_5y_SOL-USD_rf_wv_dwt_db8,C:\Users\dunnm\source\repos\finance-scrapers-portfolio\artifacts\backtests\bt_crypto_5y_SOL-USD_rf_wv_dwt_db8,SOL-USD,rf,,long_short,predict,,0.033157487843647804,0.01680299572495292,0.4017152978031505,-0.06530736333049114,716.0,11.284291467586229,4.818763189452358e-05,0.0022941183364622365,365.76083916083917,118,0.5254237288135594,1.6159655436030271,0.4181995034662823,0.6091760200450911,0.4050412842688654,low_sharpe,1,0.021873196376061575,0.2703308199818059,0.010588904908475347,0.13894634216046134,-0.0063375322929039996,-0.05813037457155563,0.0,,,,,,,False,False,False,0.23319368200991056,reject
bt_crypto_5y_SOL-USD_rf_wv_cwt_ricker_ar5,C:\Users\dunnm\source\repos\finance-scrapers-portfolio\artifacts\backtests\bt_crypto_5y_SOL-USD_rf_wv_cwt_ricker_ar5,SOL-USD,rf,,long_short,predict,,0.04869715529350005,0.024587078758158576,0.4631557243121377,-0.0638375144379476,716.0,8.238908457232116,7.066456251419634e-05,0.0029179190617015438,365.76083916083917,208,0.5288461538461539,1.3744613235106546,0.4370440041563116,0.5064883648105638,0.3813495303852999,low_sharpe,1,0.04045824683626793,0.3877365077799336,0.03221933837903582,0.31231729124772956,0.019860975693187646,0.19918846644942345,0.0,,,,,,,False,False,False,0.23316603855549467,reject
bt_eurusd_sweep5y_dbwavelet_EURUSD=X_rf_baseline,C:\Users\dunnm\source\repos\finance-scrapers-portfolio\artifacts\backtests\bt_eurusd_sweep5y_dbwavelet_EURUSD=X_rf_baseline,EURUSD=X,rf,,long_short,predict,,0.026982662512391675,0.0053723959227631735,0.1469879616247082,-0.09874610884508883,1287.0,63.0,2.419982812661548e-05,0.002649577244725735,258.99545454545455,31,0.5483870967741935,2.205190235463172,0.33138134949009035,0.8221774193548386,0.4231599739427521,low_sharpe,1,-0.036017337487608325,-0.15033707998550666,-0.09901733748760833,-0.44766212159572155,-0.19351733748760833,-0.8936496840110438,0.0,,,,,,,False,False,False,0.2327379856685137,reject
bt_eurusd_sweep5y_EURUSD=X_rf_baseline,C:\Users\dunnm\source\repos\finance-scrapers-portfolio\artifacts\backtests\bt_eurusd_sweep5y_EURUSD=X_rf_baseline,EURUSD=X,rf,,long_short,predict,,0.026982662512391675,0.0053723959227631735,0.1469879616247082,-0.09874610884508883,1287.0,63.0,2.419982812661548e-05,0.002649577244725735,258.99545454545455,31,0.5483870967741935,2.205190235463172,0.33138134949009035,0.8221774193548386,0.4231599739427521,low_sharpe,1,-0.036017337487608325,-0.15033707998550666,-0.09901733748760833,-0.44766212159572155,-0.19351733748760833,-0.8936496840110438,0.0,,,,,,,False,False,False,0.2327379856685137,reject
bt_eurusd_sweep5y_kernelcmp2_EURUSD=X_rf_baseline,C:\Users\dunnm\source\repos\finance-scrapers-portfolio\artifacts\backtests\bt_eurusd_sweep5y_kernelcmp2_EURUSD=X_rf_baseline,EURUSD=X,rf,,long_short,predict,,0.026982662512391675,0.0053723959227631735,0.1469879616247082,-0.09874610884508883,1287.0,63.0,2.419982812661548e-05,0.002649577244725735,258.99545454545455,31,0.5483870967741935,2.205190235463172,0.33138134949009035,0.8221774193548386,0.4231599739427521,low_sharpe,1,-0.036017337487608325,-0.15033707998550666,-0.09901733748760833,-0.44766212159572155,-0.19351733748760833,-0.8936496840110438,0.0,,,,,,,False,False,False,0.2327379856685137,reject
bt_eurusd_sweep5y_kernelcmp3_EURUSD=X_rf_baseline,C:\Users\dunnm\source\repos\finance-scrapers-portfolio\artifacts\backtests\bt_eurusd_sweep5y_kernelcmp3_EURUSD=X_rf_baseline,EURUSD=X,rf,,long_short,predict,,0.026982662512391675,0.0053723959227631735,0.1469879616247082,-0.09874610884508883,1287.0,63.0,2.419982812661548e-05,0.002649577244725735,258.99545454545455,31,0.5483870967741935,2.205190235463172,0.33138134949009035,0.8221774193548386,0.4231599739427521,low_sharpe,1,-0.036017337487608325,-0.15033707998550666,-0.09901733748760833,-0.44766212159572155,-0.19351733748760833,-0.8936496840110438,0.0,,,,,,,False,False,False,0.2327379856685137,reject
bt_eurusd_sweep5y_kernelcmp_EURUSD=X_rf_baseline,C:\Users\dunnm\source\repos\finance-scrapers-portfolio\artifacts\backtests\bt_eurusd_sweep5y_kernelcmp_EURUSD=X_rf_baseline,EURUSD=X,rf,,long_short,predict,,0.026982662512391675,0.0053723959227631735,0.1469879616247082,-0.09874610884508883,1287.0,63.0,2.419982812661548e-05,0.002649577244725735,258.99545454545455,31,0.5483870967741935,2.205190235463172,0.33138134949009035,0.8221774193548386,0.4231599739427521,low_sharpe,1,-0.036017337487608325,-0.15033707998550666,-0.09901733748760833,-0.44766212159572155,-0.19351733748760833,-0.8936496840110438,0.0,,,,,,,False,False,False,0.2327379856685137,reject
bt_eurusd_sweep5y_wavelet2_EURUSD=X_rf_baseline,C:\Users\dunnm\source\repos\finance-scrapers-portfolio\artifacts\backtests\bt_eurusd_sweep5y_wavelet2_EURUSD=X_rf_baseline,EURUSD=X,rf,,long_short,predict,,0.026982662512391675,0.0053723959227631735,0.1469879616247082,-0.09874610884508883,1287.0,63.0,2.419982812661548e-05,0.002649577244725735,258.99545454545455,31,0.5483870967741935,2.205190235463172,0.33138134949009035,0.8221774193548386,0.4231599739427521,low_sharpe,1,-0.036017337487608325,-0.15033707998550666,-0.09901733748760833,-0.44766212159572155,-0.19351733748760833,-0.8936496840110438,0.0,,,,,,,False,False,False,0.2327379856685137,reject
bt_eurusd_sweep5y_wavelet_EURUSD=X_rf_baseline,C:\Users\dunnm\source\repos\finance-scrapers-portfolio\artifacts\backtests\bt_eurusd_sweep5y_wavelet_EURUSD=X_rf_baseline,EURUSD=X,rf,,long_short,predict,,0.026982662512391675,0.0053723959227631735,0.1469879616247082,-0.09874610884508883,1287.0,63.0,2.419982812661548e-05,0.002649577244725735,258.99545454545455,31,0.5483870967741935,2.205190235463172,0.33138134949009035,0.8221774193548386,0.4231599739427521,low_sharpe,1,-0.036017337487608325,-0.15033707998550666,-0.09901733748760833,-0.44766212159572155,-0.19351733748760833,-0.8936496840110438,0.0,,,,,,,False,False,False,0.2327379856685137,reject
bt_crypto_5y_BTC-USD_rf_proba_hmm_fft,C:\Users\dunnm\source\repos\finance-scrapers-portfolio\artifacts\backtests\bt_crypto_5y_BTC-USD_rf_proba_hmm_fft,BTC-USD,rf,,long_short,proba,,0.04537233264863283,0.022926388590310376,0.549899019533459,-0.042927910626426646,716.0,22.481484697316517,6.448746310826022e-05,0.0022428020771804117,365.76083916083917,110,0.5,1.0846764701649663,0.46888244732040124,0.3256044115742348,0.418735134809243,,0,0.022890847951316313,0.28215509824108626,0.0004093632539997963,0.014411176948713555,-0.033312863791974984,-0.3872047049898456,0.0,,,,,,,False,False,False,0.2313851624162372,reject
bt_crypto_5y_BTC-USD_rf_wv_dwt_db4,C:\Users\dunnm\source\repos\finance-scrapers-portfolio\artifacts\backtests\bt_crypto_5y_BTC-USD_rf_wv_dwt_db4,BTC-USD,rf,,long_short,predict,,0.01400009092334864,0.007127474610334028,0.30789386554935455,-0.040896056521838475,716.0,9.592621785432794,2.020358792476934e-05,0.0012549489756512517,365.76083916083917,34,0.6176470588235294,1.3684923345524869,0.40556927135568893,0.6592039034897956,0.4143413926026262,low_sharpe,1,0.004407469137915846,0.10372155976773671,-0.005185152647516948,-0.10045074601388114,-0.019574085325666138,-0.4067092046863079,0.0,,,,,,,False,False,False,0.22788776593144444,reject
bt_crypto_5y_BTC-USD_hgb_wv_dwt_db4,C:\Users\dunnm\source\repos\finance-scrapers-portfolio\artifacts\backtests\bt_crypto_5y_BTC-USD_hgb_wv_dwt_db4,BTC-USD,hgb,,long_short,predict,,0.028532602663005946,0.0144752704906288,0.6124836411617981,-0.02894368656707591,716.0,8.220255943275845,4.0073886106737276e-05,0.0012513118820241902,365.76083916083917,34,0.5294117647058824,1.0197888462516809,0.4878234813411366,0.3478755690485505,0.35884171203873144,weak_profit_factor,1,0.0203123467197301,0.43701264098090914,0.012092090776454255,0.2615416408000202,-0.00023829313845951175,-0.0016648594713131863,0.0,,,,,,,False,False,False,0.2169785646813038,reject
bt_crypto_5y_SOL-USD_hgb_baseline,C:\Users\dunnm\source\repos\finance-scrapers-portfolio\artifacts\backtests\bt_crypto_5y_SOL-USD_hgb_baseline,SOL-USD,hgb,,long_short,predict,,0.26622880268577354,0.12815101937671503,0.4943975659070989,-0.47783630341165495,716.0,97.0,0.0005765111191938305,0.022301289046716872,365.76083916083917,48,0.6458333333333334,2.4183678128556125,0.2449963743493242,0.9927083333333333,0.34669555999372736,"low_sharpe,drawdown_too_high",2,0.16922880268577353,0.37821864244594383,0.07222880268577353,0.26203971898478884,-0.07327119731422649,0.08777133379305632,0.0,,,,,,,False,False,False,0.21033553692040924,reject
bt_crypto_5y_ETH-USD_mlp_wv_cwt_morlet_ar5,C:\Users\dunnm\source\repos\finance-scrapers-portfolio\artifacts\backtests\bt_crypto_5y_ETH-USD_mlp_wv_cwt_morlet_ar5,ETH-USD,mlp,,long_short,predict,,0.05291030206313452,0.026687775959176818,0.48196605721567226,-0.07930060598449706,716.0,2.850967747835204,7.663179326645473e-05,0.0030408229709949657,365.76083916083917,241,0.5103734439834025,1.0728744280990479,0.4333688390263204,0.3384470196155258,0.3201462022325423,low_sharpe,1,0.05005933431529931,0.4569230345149307,0.04720836656746411,0.4318800118141891,0.0429319149457113,0.39431547776307685,0.0,,,,,,,False,False,False,0.20847141211396247,reject
bt_crypto_5y_SOL-USD_hgb_fft,C:\Users\dunnm\source\repos\finance-scrapers-portfolio\artifacts\backtests\bt_crypto_5y_SOL-USD_hgb_fft,SOL-USD,hgb,,long_short,predict,,0.048068571952339045,0.024273310131761816,0.42832101332203065,-0.08648374624518285,716.0,14.909086277708846,7.052854475389611e-05,0.0031491557778074736,365.76083916083917,249,0.5220883534136547,1.3227112699110128,0.41541001963456364,0.4713746899338514,0.35499765423931434,low_sharpe,1,0.0331594856746302,0.3018641328807715,0.01825039939692135,0.17540725243951236,-0.0041132300196419155,-0.014278068222376289,0.0,,,,,,,False,False,False,0.20840425376458632,reject
bt_crypto_5y_SOL-USD_hgb_voltarget,C:\Users\dunnm\source\repos\finance-scrapers-portfolio\artifacts\backtests\bt_crypto_5y_SOL-USD_hgb_voltarget,SOL-USD,hgb,,long_short,predict,,0.048068571952339045,0.024273310131761816,0.42832101332203065,-0.08648374624518285,716.0,14.909086277708846,7.052854475389611e-05,0.0031491557778074736,365.76083916083917,249,0.5220883534136547,1.3227112699110128,0.41541001963456364,0.4713746899338514,0.35499765423931434,low_sharpe,1,0.0331594856746302,0.3018641328807715,0.01825039939692135,0.17540725243951236,-0.0041132300196419155,-0.014278068222376289,0.0,,,,,,,False,False,False,0.20840425376458632,reject
bt_crypto_5y_SOL-USD_hgb_wv_cwt_morlet,C:\Users\dunnm\source\repos\finance-scrapers-portfolio\artifacts\backtests\bt_crypto_5y_SOL-USD_hgb_wv_cwt_morlet,SOL-USD,hgb,,long_short,predict,,0.048068571952339045,0.024273310131761816,0.42832101332203065,-0.08648374624518285,716.0,14.909086277708846,7.052854475389611e-05,0.0031491557778074736,365.76083916083917,249,0.5220883534136547,1.3227112699110128,0.41541001963456364,0.4713746899338514,0.35499765423931434,low_sharpe,1,0.0331594856746302,0.3018641328807715,0.01825039939692135,0.17540725243951236,-0.0041132300196419155,-0.014278068222376289,0.0,,,,,,,False,False,False,0.20840425376458632,reject
bt_crypto_5y_SOL-USD_hgb_wv_cwt_morlet_ar5,C:\Users\dunnm\source\repos\finance-scrapers-portfolio\artifacts\backtests\bt_crypto_5y_SOL-USD_hgb_wv_cwt_morlet_ar5,SOL-USD,hgb,,long_short,predict,,0.048068571952339045,0.024273310131761816,0.42832101332203065,-0.08648374624518285,716.0,14.909086277708846,7.052854475389611e-05,0.0031491557778074736,365.76083916083917,249,0.5220883534136547,1.3227112699110128,0.41541001963456364,0.4713746899338514,0.35499765423931434,low_sharpe,1,0.0331594856746302,0.3018641328807715,0.01825039939692135,0.17540725243951236,-0.0041132300196419155,-0.014278068222376289,0.0,,,,,,,False,False,False,0.20840425376458632,reject
bt_crypto_5y_ETH-USD_hgb_proba_hmm_fft,C:\Users\dunnm\source\repos\finance-scrapers-portfolio\artifacts\backtests\bt_crypto_5y_ETH-USD_hgb_proba_hmm_fft,ETH-USD,hgb,,long_short,proba,,0.07321429944626123,0.03675428889445187,0.6682793455889978,-0.07205900407654797,716.0,20.740809553049633,0.00010303219337837845,0.002948584031423018,365.76083916083917,231,0.49783549783549785,1.008182286772158,0.48477754069899526,0.2873941502595923,0.3356933540452042,weak_profit_factor,1,0.0524734898932116,0.48039189449710024,0.03173268034016197,0.29250444340520276,0.000621466010587518,0.010673266767356509,0.0,,,,,,,False,False,False,0.2065691779802525,reject
bt_crypto_5y_SOL-USD_mlp_wavelet,C:\Users\dunnm\source\repos\finance-scrapers-portfolio\artifacts\backtests\bt_crypto_5y_SOL-USD_mlp_wavelet,SOL-USD,mlp,,long_short,predict,,0.023494007456039467,0.011933488122992664,0.29222505505476715,-0.06232189056581583,716.0,9.809805781149471,3.506442628282646e-05,0.0022948161144456863,365.76083916083917,118,0.559322033898305,1.3420061084281045,0.3912987107475979,0.5452163081146808,0.36516986982607696,low_sharpe,1,0.013684201674889996,0.1780429360381814,0.0038743958937405253,0.06386081702159555,-0.010840312777983682,-0.10741236150328318,0.0,,,,,,,False,False,False,0.20563298968096203,reject
bt_crypto_5y_SOL-USD_mlp_wv_dwt_db8,C:\Users\dunnm\source\repos\finance-scrapers-portfolio\artifacts\backtests\bt_crypto_5y_SOL-USD_mlp_wv_dwt_db8,SOL-USD,mlp,,long_short,predict,,0.023494007456039467,0.011933488122992664,0.29222505505476715,-0.06232189056581583,716.0,9.809805781149471,3.506442628282646e-05,0.0022948161144456863,365.76083916083917,118,0.559322033898305,1.3420061084281045,0.3912987107475979,0.5452163081146808,0.36516986982607696,low_sharpe,1,0.013684201674889996,0.1780429360381814,0.0038743958937405253,0.06386081702159555,-0.010840312777983682,-0.10741236150328318,0.0,,,,,,,False,False,False,0.20563298968096203,reject
bt_crypto_5y_SOL-USD_hgb_hmm,C:\Users\dunnm\source\repos\finance-scrapers-portfolio\artifacts\backtests\bt_crypto_5y_SOL-USD_hgb_hmm,SOL-USD,hgb,,long_short,predict,,0.049298622434552186,0.02488722572967439,0.4427209739720889,-0.08648374624518285,716.0,14.70848384292564,7.205257848107737e-05,0.003112562153630767,365.76083916083917,246,0.516260162601626,1.2592751161015703,0.41910635514239425,0.4326290867985521,0.34383931122204947,low_sharpe,1,0.034590138591626546,0.316498858233959,0.019881654748700905,0.1902767424958291,-0.002181071015687555,0.000943568888634264,0.0,,,,,,,False,False,False,0.20338237685931443,reject
bt_crypto_5y_ETH-USD_rf_hmm,C:\Users\dunnm\source\repos\finance-scrapers-portfolio\artifacts\backtests\bt_crypto_5y_ETH-USD_rf_hmm,ETH-USD,rf,,long_short,predict,,0.038890142812413764,0.01968120332596257,0.36458817250508335,-0.06596127070208069,716.0,14.089621065449183,5.7897634349712236e-05,0.0030370842947418206,365.76083916083917,240,0.55,1.2178561356402178,0.4100991600913003,0.473035261038098,0.3521267954226795,low_sharpe,1,0.02480052174696458,0.24067198379896435,0.010710900681515399,0.11675579509284532,-0.010423530916658381,-0.06911848796633326,0.0,,,,,,,False,False,False,0.20242642211443712,reject
bt_crypto_5y_ETH-USD_rf_wv_dwt_db8_ar5,C:\Users\dunnm\source\repos\finance-scrapers-portfolio\artifacts\backtests\bt_crypto_5y_ETH-USD_rf_wv_dwt_db8_ar5,ETH-USD,rf,,long_short,predict,,0.012373739140094875,0.0063019774360721925,0.23769213574958828,-0.0369127299659493,716.0,8.286152875370307,1.825224368841126e-05,0.0014685882463558527,365.76083916083917,58,0.5517241379310345,1.3911612982331056,0.39031296408791305,0.5540398255842078,0.36761736561161623,low_sharpe,1,0.004087586264724568,0.08698338367471892,-0.00419856661064574,-0.06372536840015046,-0.0166277959237012,-0.2897884965124545,0.0,,,,,,,False,False,False,0.20218955108638895,reject
bt_crypto_5y_ETH-USD_mlp_wv_cwt_ricker_ar5,C:\Users\dunnm\source\repos\finance-scrapers-portfolio\artifacts\backtests\bt_crypto_5y_ETH-USD_mlp_wv_cwt_ricker_ar5,ETH-USD,mlp,,long_short,predict,,0.03988711670567402,0.02018096259667823,0.39880037539542773,-0.05896358136492219,716.0,3.619494254150885,5.857030505950253e-05,0.002808798148229056,365.76083916083917,200,0.515,1.1028415500813948,0.42264339256901373,0.3600286975366277,0.3207282493076786,low_sharpe,1,0.03626762245152314,0.3643802108891498,0.03264812819737225,0.3299600463828719,0.02721888681614592,0.27832979962345505,0.0,,,,,,,False,False,False,0.20114754059793866,reject
bt_crypto_5y_ETH-USD_mlp_wv_cwt_ricker,C:\Users\dunnm\source\repos\finance-scrapers-portfolio\artifacts\backtests\bt_crypto_5y_ETH-USD_mlp_wv_cwt_ricker,ETH-USD,mlp,,long_short,predict,,0.040407264067330084,0.02044160704513498,0.4035423168807757,-0.05896358136492297,716.0,4.0575756542033234,5.926908134836726e-05,0.0028089092955076588,365.76083916083917,200,0.515,1.0915855398605887,0.4238937601586561,0.3549634929372649,0.31976816663116914,low_sharpe,1,0.03634968841312676,0.3649576734668716,0.032292112758923436,0.3263730300529676,0.02620574927761845,0.26849606493211153,0.0,,,,,,,False,False,False,0.20035046890111563,reject
bt_crypto_5y_ETH-USD_hgb_hmm,C:\Users\dunnm\source\repos\finance-scrapers-portfolio\artifacts\backtests\bt_crypto_5y_ETH-USD_hgb_hmm,ETH-USD,hgb,,long_short,predict,,0.06294409299893733,0.03167418160248858,0.5662681449203415,-0.06833267065105786,716.0,20.659916858025824,8.98621174494232e-05,0.003034961030483246,365.76083916083917,239,0.497907949790795,1.0122658103295046,0.4615786116170931,0.28935852678216833,0.3213015819248694,weak_profit_factor,1,0.042284176140911504,0.3844400323359772,0.02162425928288568,0.2026119197516128,-0.00936561600415306,-0.07013024912493374,0.0,,,,,,,False,False,False,0.19191176404004917,reject
bt_crypto_5y_SOL-USD_hgb_wv_dwt_db6,C:\Users\dunnm\source\repos\finance-scrapers-portfolio\artifacts\backtests\bt_crypto_5y_SOL-USD_hgb_wv_dwt_db6,SOL-USD,hgb,,long_short,predict,,0.03675480353959304,0.01861001864941869,0.545729440601595,-0.02970480912506812,716.0,12.623110819439955,5.207579483974752e-05,0.0018249758698534813,365.76083916083917,84,0.4523809523809524,1.0371063808878125,0.4737846313142855,0.22086453806618228,0.30526259867744937,weak_profit_factor,1,0.024131692720153086,0.3609750156764892,0.01150858190071313,0.17622059075138335,-0.007426084328446804,-0.10091104663627543,0.0,,,,,,,False,False,False,0.18111097357895092,reject
bt_crypto_5y_BTC-USD_mlp_wv_cwt_ricker,C:\Users\dunnm\source\repos\finance-scrapers-portfolio\artifacts\backtests\bt_crypto_5y_BTC-USD_mlp_wv_cwt_ricker,BTC-USD,mlp,,long_short,predict,,0.02776504732205698,0.01408846148815801,0.2986658852464698,-0.03480068820857152,716.0,8.31992798700166,4.18390623558363e-05,0.0026791370295785695,365.76083916083917,200,0.505,1.1102035040864489,0.40985060070657336,0.345841576838902,0.30744744235288834,low_sharpe,1,0.01944511933505532,0.21571706367215338,0.011125191348053658,0.13276824209783697,-0.0013547006324488332,0.00834500973636231,0.0,,,,,,,False,False,False,0.17905371145142637,reject
bt_crypto_5y_SOL-USD_hgb_wv_cwt_ricker,C:\Users\dunnm\source\repos\finance-scrapers-portfolio\artifacts\backtests\bt_crypto_5y_SOL-USD_hgb_wv_cwt_ricker,SOL-USD,hgb,,long_short,predict,,0.020337073522821658,0.010337813453787481,0.21222628202444524,-0.08333415251556431,716.0,13.510020427296034,3.237129929101421e-05,0.0029171554188553803,365.76083916083917,207,0.5169082125603864,1.3841116884445313,0.3586759389457002,0.4899396317807153,0.3246182314379555,low_sharpe,1,0.0068270530955256235,0.08852277332141098,-0.006682967331770411,-0.035180735381623286,-0.02694799797271446,-0.22073599843617467,0.0,,,,,,,False,False,False,0.17854002729087554,reject
bt_crypto_5y_BTC-USD_hgb_wv_dwt_db8_ar5,C:\Users\dunnm\source\repos\finance-scrapers-portfolio\artifacts\backtests\bt_crypto_5y_BTC-USD_hgb_wv_dwt_db8_ar5,BTC-USD,hgb,,long_short,predict,,0.011909625307555904,0.006066285429294549,0.18775976414535786,-0.035393119461592626,716.0,16.215679484634286,1.8264241552324868e-05,0.001860363087103247,365.76083916083917,84,0.5476190476190477,1.179731395892113,0.3787561147511389,0.4517124614847842,0.32429083610791476,low_sharpe,1,-0.004306054177078383,-0.045061701096141035,-0.02052173366171267,-0.27788316633763993,-0.044845252888664096,-0.6271153641998882,0.0,,,,,,,False,False,False,0.17835995985935313,reject
bt_crypto_5y_SOL-USD_hgb_wv_cwt_ricker_ar5,C:\Users\dunnm\source\repos\finance-scrapers-portfolio\artifacts\backtests\bt_crypto_5y_SOL-USD_hgb_wv_cwt_ricker_ar5,SOL-USD,hgb,,long_short,predict,,0.01819346273015765,0.009252946726147071,0.19289547048703867,-0.08525996199061359,716.0,13.168684466159439,2.943848141803498e-05,0.002918716921367791,365.76083916083917,208,0.5192307692307693,1.3979713511436298,0.3523045402775764,0.5002409541684796,0.32408228513939247,low_sharpe,1,0.005024778263998211,0.0723818882376571,-0.008143906202161228,-0.048131694011724485,-0.027896932901400384,-0.22890206738579677,0.0,,,,,,,False,False,False,0.17824525682666587,reject
bt_crypto_5y_BTC-USD_hgb_wavelet,C:\Users\dunnm\source\repos\finance-scrapers-portfolio\artifacts\backtests\bt_crypto_5y_BTC-USD_hgb_wavelet,BTC-USD,hgb,,long_short,predict,,0.012053051007091753,0.006139127280348156,0.19019934285469123,-0.03701688250422974,716.0,15.568373483172863,1.8453169164340214e-05,0.0018554982688344678,365.76083916083917,81,0.5432098765432098,1.1935672446920533,0.37844460960925047,0.4502225440620412,0.3235668866677272,low_sharpe,1,-0.00351532247608111,-0.03391428636544264,-0.019083695959253973,-0.25802791558557653,-0.04243625618401327,-0.5941983594157774,0.0,,,,,,,False,False,False,0.17796178766725,reject
bt_crypto_5y_BTC-USD_hgb_wv_dwt_db8,C:\Users\dunnm\source\repos\finance-scrapers-portfolio\artifacts\backtests\bt_crypto_5y_BTC-USD_hgb_wv_dwt_db8,BTC-USD,hgb,,long_short,predict,,0.012053051007091753,0.006139127280348156,0.19019934285469123,-0.03701688250422974,716.0,15.568373483172863,1.8453169164340214e-05,0.0018554982688344678,365.76083916083917,81,0.5432098765432098,1.1935672446920533,0.37844460960925047,0.4502225440620412,0.3235668866677272,low_sharpe,1,-0.00351532247608111,-0.03391428636544264,-0.019083695959253973,-0.25802791558557653,-0.04243625618401327,-0.5941983594157774,0.0,,,,,,,False,False,False,0.17796178766725,reject
bt_crypto_5y_BTC-USD_rf_wavelet,C:\Users\dunnm\source\repos\finance-scrapers-portfolio\artifacts\backtests\bt_crypto_5y_BTC-USD_rf_wavelet,BTC-USD,rf,,long_short,predict,,-0.004348542903328423,-0.002223773738642576,-0.04484441344667561,-0.04838226284526437,716.0,16.400141387526663,-4.359478576053458e-06,0.001859194399019506,365.76083916083917,81,0.5679012345679012,1.3655012671514843,0.30961475535113914,0.5708027307119949,0.32103054672743864,low_sharpe,1,-0.020748684290855086,-0.2804623618040081,-0.03714882567838175,-0.5160803101613406,-0.06174903775967174,-0.869507232697339,0.0,,,,,,,False,False,False,0.17656680070009126,reject
bt_crypto_5y_BTC-USD_rf_wv_dwt_db8,C:\Users\dunnm\source\repos\finance-scrapers-portfolio\artifacts\backtests\bt_crypto_5y_BTC-USD_rf_wv_dwt_db8,BTC-USD,rf,,long_short,predict,,-0.004348542903328423,-0.002223773738642576,-0.04484441344667561,-0.04838226284526437,716.0,16.400141387526663,-4.359478576053458e-06,0.001859194399019506,365.76083916083917,81,0.5679012345679012,1.3655012671514843,0.30961475535113914,0.5708027307119949,0.32103054672743864,low_sharpe,1,-0.020748684290855086,-0.2804623618040081,-0.03714882567838175,-0.5160803101613406,-0.06174903775967174,-0.869507232697339,0.0,,,,,,,False,False,False,0.17656680070009126,reject
bt_crypto_5y_BTC-USD_rf_wv_dwt_db8_ar5,C:\Users\dunnm\source\repos\finance-scrapers-portfolio\artifacts\backtests\bt_crypto_5y_BTC-USD_rf_wv_dwt_db8_ar5,BTC-USD,rf,,long_short,predict,,-0.0044896442088243615,-0.002296010137454174,-0.04666603747831344,-0.04721399169646745,716.0,17.04744738898809,-4.548406188068805e-06,0.001864047258970651,365.76083916083917,84,0.5714285714285714,1.3422792621705617,0.30981012198183805,0.5665256679767527,0.3196605630800582,low_sharpe,1,-0.02153709159781245,-0.29094609877154326,-0.03858453898680054,-0.5352261600647731,-0.06415571007028267,-0.9016462520046179,0.0,,,,,,,False,False,False,0.17581330969403203,reject
bt_crypto_5y_BTC-USD_hgb_proba_hmm_wavelet,C:\Users\dunnm\source\repos\finance-scrapers-portfolio\artifacts\backtests\bt_crypto_5y_BTC-USD_hgb_proba_hmm_wavelet,BTC-USD,hgb,,long_short,proba,,0.012334848785175323,0.006282229685873331,0.19423484166986968,-0.037016882504229964,716.0,15.15630782488077,1.8841404293803007e-05,0.0018551743681889394,365.76083916083917,80,0.5375,1.1605629049171315,0.3795055325360066,0.42537830721270914,0.3155610036728525,low_sharpe,1,-0.0028214590397054474,-0.023985012986526662,-0.017977766864586218,-0.24220486764292298,-0.040712228601907374,-0.5695346496275175,0.0,,,,,,,False,False,False,0.1735585520200689,reject
bt_crypto_5y_SOL-USD_hgb_wv_dwt_db8_ar5,C:\Users\dunnm\source\repos\finance-scrapers-portfolio\artifacts\backtests\bt_crypto_5y_SOL-USD_hgb_wv_dwt_db8_ar5,SOL-USD,hgb,,long_short,predict,,-0.00850132248780966,-0.004351876568766455,-0.08089001188074874,-0.06365503152837426,716.0,16.523800701886493,-9.43723556134916e-06,0.002231251363719829,365.76083916083917,117,0.5128205128205128,1.622577232624102,0.29079142089345433,0.5900956521167432,0.3155479018216054,low_sharpe,1,-0.025025123189696154,-0.27869945920776773,-0.04154892389158265,-0.4765089065347867,-0.06633462494441239,-0.7732230775253152,0.0,,,,,,,False,False,False,0.173551346001883,reject
bt_crypto_5y_SOL-USD_hgb_proba_hmm_fft,C:\Users\dunnm\source\repos\finance-scrapers-portfolio\artifacts\backtests\bt_crypto_5y_SOL-USD_hgb_proba_hmm_fft,SOL-USD,hgb,,long_short,proba,,0.03218217160005432,0.016312539514467206,0.30437942540302937,-0.10547104534826113,716.0,14.02820072317189,4.897071534615709e-05,0.003076945173019768,365.76083916083917,232,0.5086206896551724,1.2402671743317355,0.37097400733389074,0.4107064353458326,0.3048803571380704,low_sharpe,1,0.01815397087688243,0.1826017179679831,0.004125770153710538,0.0608240105329369,-0.016916530931047294,-0.12184255061963245,0.0,,,,,,,False,False,False,0.17224599721590897,reject
bt_crypto_5y_SOL-USD_hgb_wavelet,C:\Users\dunnm\source\repos\finance-scrapers-portfolio\artifacts\backtests\bt_crypto_5y_SOL-USD_hgb_wavelet,SOL-USD,hgb,,long_short,predict,,-0.016625840616802834,-0.008527954557740691,-0.17299577143982098,-0.07667318330534689,716.0,15.85117255689215,-2.0778339582292438e-05,0.0022970685434105034,365.76083916083917,118,0.5084745762711864,1.5561251598144066,0.25847845834322514,0.5525868303910592,0.28141638855996703,low_sharpe,1,-0.03247701317369499,-0.3573160081502957,-0.048328185730587135,-0.5416362448607703,-0.07210494456592537,-0.8181165999264823,0.0,,,,,,,False,False,False,0.1547790137079819,reject
bt_crypto_5y_SOL-USD_hgb_wv_dwt_db8,C:\Users\dunnm\source\repos\finance-scrapers-portfolio\artifacts\backtests\bt_crypto_5y_SOL-USD_hgb_wv_dwt_db8,SOL-USD,hgb,,long_short,predict,,-0.016625840616802834,-0.008527954557740691,-0.17299577143982098,-0.07667318330534689,716.0,15.85117255689215,-2.0778339582292438e-05,0.0022970685434105034,365.76083916083917,118,0.5084745762711864,1.5561251598144066,0.25847845834322514,0.5525868303910592,0.28141638855996703,low_sharpe,1,-0.03247701317369499,-0.3573160081502957,-0.048328185730587135,-0.5416362448607703,-0.07210494456592537,-0.8181165999264823,0.0,,,,,,,False,False,False,0.1547790137079819,reject
bt_crypto_5y_SOL-USD_rf_wv_dwt_db6,C:\Users\dunnm\source\repos\finance-scrapers-portfolio\artifacts\backtests\bt_crypto_5y_SOL-USD_rf_wv_dwt_db6,SOL-USD,rf,,long_short,predict,,-0.003506292255510024,-0.0017926901112224058,-0.03384904220360247,-0.042829939131745265,716.0,9.464844118630243,-3.236421286291939e-06,0.0018285939018818362,365.76083916083917,84,0.5119047619047619,1.2976185366301396,0.3157861271279566,0.4422616748168961,0.2800525688190854,low_sharpe,1,-0.012971136374140267,-0.17210433900344915,-0.02243598049277051,-0.31035963580329584,-0.03663324667071587,-0.5177425810030659,0.0,,,,,,,False,False,False,0.154028912850497,reject
bt_crypto_5y_ETH-USD_rf_wavelet,C:\Users\dunnm\source\repos\finance-scrapers-portfolio\artifacts\backtests\bt_crypto_5y_ETH-USD_rf_wavelet,ETH-USD,rf,,long_short,predict,,-0.0028292728154407643,-0.001446304885748595,-0.03428903944602472,-0.04152082219577702,716.0,8.2653432633039,-2.767270301181137e-06,0.001543458175650148,365.76083916083917,62,0.5161290322580645,1.2367643529208332,0.31658825889709735,0.4222697652659878,0.273576786126209,low_sharpe,1,-0.011094616078744663,-0.1773270988508499,-0.019359959342048563,-0.3203651582556751,-0.03175797423700441,-0.5349222473629128,0.0,,,,,,,False,False,False,0.15046723236941498,reject
bt_crypto_5y_ETH-USD_rf_wv_dwt_db8,C:\Users\dunnm\source\repos\finance-scrapers-portfolio\artifacts\backtests\bt_crypto_5y_ETH-USD_rf_wv_dwt_db8,ETH-USD,rf,,long_short,predict,,-0.0028292728154407643,-0.001446304885748595,-0.03428903944602472,-0.04152082219577702,716.0,8.2653432633039,-2.767270301181137e-06,0.001543458175650148,365.76083916083917,62,0.5161290322580645,1.2367643529208332,0.31658825889709735,0.4222697652659878,0.273576786126209,low_sharpe,1,-0.011094616078744663,-0.1773270988508499,-0.019359959342048563,-0.3203651582556751,-0.03175797423700441,-0.5349222473629128,0.0,,,,,,,False,False,False,0.15046723236941498,reject
bt_crypto_5y_ETH-USD_mlp_wv_dwt_db6,C:\Users\dunnm\source\repos\finance-scrapers-portfolio\artifacts\backtests\bt_crypto_5y_ETH-USD_mlp_wv_dwt_db6,ETH-USD,mlp,,long_short,predict,,-0.008157980947469667,-0.004175765157778177,-0.1372468190688441,-0.036326800649057356,716.0,5.288501211454687,-1.0390297640600882e-05,0.0014478524434052666,365.76083916083917,52,0.5384615384615384,1.2284706411179254,0.29276189143900566,0.45761948081075865,0.2704620477191192,low_sharpe,1,-0.013446482158924355,-0.23481178226121147,-0.018734983370379044,-0.33237674545357887,-0.026667735187561072,-0.4787241902421299,0.0,,,,,,,False,False,False,0.14875412624551557,reject
bt_crypto_5y_ETH-USD_rf_wv_dwt_db6,C:\Users\dunnm\source\repos\finance-scrapers-portfolio\artifacts\backtests\bt_crypto_5y_ETH-USD_rf_wv_dwt_db6,ETH-USD,rf,,long_short,predict,,0.0014142139488177996,0.0007221861594746137,0.03990055930732445,-0.03780101279891135,716.0,8.810242194594275,3.0170093164863417e-06,0.0014460931548354297,365.76083916083917,52,0.5,1.1894125063282195,0.33823273373897195,0.37273562784769876,0.2703087466770263,low_sharpe,1,-0.007396028245776476,-0.12283301267955857,-0.016206270440370752,-0.28556658466644164,-0.029421633732262167,-0.5296669426467662,0.0,,,,,,,False,False,False,0.14866981067236448,reject
bt_eurusd_sweep5y_EURUSD=X_rf_stops,C:\Users\dunnm\source\repos\finance-scrapers-portfolio\artifacts\backtests\bt_eurusd_sweep5y_EURUSD=X_rf_stops,EURUSD=X,rf,,long_short,predict,,0.00943607969611504,0.0018928414415295691,0.06620650411034207,-0.08817711223739055,1286.0,129.0,1.0661863545948487e-05,0.002591369952368969,258.93687982359427,64,0.5,1.2606923893239275,0.31592014382651573,0.4048115751957674,0.2670321448057538,low_sharpe,1,-0.11956392030388496,-0.5566905518542863,-0.24856392030388497,-1.1795876078189147,-0.44206392030388497,-2.1139331917658573,0.0,,,,,,,False,False,False,0.1468676796431646,reject
bt_eurusd_sweep5y_dbwavelet_EURUSD=X_hgb_fft,C:\Users\dunnm\source\repos\finance-scrapers-portfolio\artifacts\backtests\bt_eurusd_sweep5y_dbwavelet_EURUSD=X_hgb_fft,EURUSD=X,hgb,,long_short,predict,,0.010675888180947446,0.0021393101430737804,0.06568833658526052,-0.1259220836406134,1287.0,210.9822552177224,1.504825559822172e-05,0.0036867523506900197,258.99545454545455,424,0.5330188679245284,1.2156335970600443,0.2938784686395881,0.44231813754494453,0.26583235275646283,low_sharpe,1,-0.20030636703677496,-0.6499102738691394,-0.41128862225449736,-1.3655088843235392,-0.727762005081081,-2.4389068000051384,0.0,,,,,,,False,False,False,0.14620779401605458,reject
bt_eurusd_sweep5y_EURUSD=X_hgb_fft,C:\Users\dunnm\source\repos\finance-scrapers-portfolio\artifacts\backtests\bt_eurusd_sweep5y_EURUSD=X_hgb_fft,EURUSD=X,hgb,,long_short,predict,,0.010675888180947446,0.0021393101430737804,0.06568833658526052,-0.1259220836406134,1287.0,210.9822552177224,1.504825559822172e-05,0.0036867523506900197,258.99545454545455,424,0.5330188679245284,1.2156335970600443,0.2938784686395881,0.44231813754494453,0.26583235275646283,low_sharpe,1,-0.20030636703677496,-0.6499102738691394,-0.41128862225449736,-1.3655088843235392,-0.727762005081081,-2.4389068000051384,0.0,,,,,,,False,False,False,0.14620779401605458,reject
bt_eurusd_sweep5y_EURUSD=X_hgb_voltarget,C:\Users\dunnm\source\repos\finance-scrapers-portfolio\artifacts\backtests\bt_eurusd_sweep5y_EURUSD=X_hgb_voltarget,EURUSD=X,hgb,,long_short,predict,,0.010675888180947446,0.0021393101430737804,0.06568833658526052,-0.1259220836406134,1287.0,210.9822552177224,1.504825559822172e-05,0.0036867523506900197,258.99545454545455,424,0.5330188679245284,1.2156335970600443,0.2938784686395881,0.44231813754494453,0.26583235275646283,low_sharpe,1,-0.20030636703677496,-0.6499102738691394,-0.41128862225449736,-1.3655088843235392,-0.727762005081081,-2.4389068000051384,0.0,,,,,,,False,False,False,0.14620779401605458,reject
bt_eurusd_sweep5y_wavelet2_EURUSD=X_hgb_fft,C:\Users\dunnm\source\repos\finance-scrapers-portfolio\artifacts\backtests\bt_eurusd_sweep5y_wavelet2_EURUSD=X_hgb_fft,EURUSD=X,hgb,,long_short,predict,,0.010675888180947446,0.0021393101430737804,0.06568833658526052,-0.1259220836406134,1287.0,210.9822552177224,1.504825559822172e-05,0.0036867523506900197,258.99545454545455,424,0.5330188679245284,1.2156335970600443,0.2938784686395881,0.44231813754494453,0.26583235275646283,low_sharpe,1,-0.20030636703677496,-0.6499102738691394,-0.41128862225449736,-1.3655088843235392,-0.727762005081081,-2.4389068000051384,0.0,,,,,,,False,False,False,0.14620779401605458,reject
bt_eurusd_sweep5y_wavelet_EURUSD=X_hgb_fft,C:\Users\dunnm\source\repos\finance-scrapers-portfolio\artifacts\backtests\bt_eurusd_sweep5y_wavelet_EURUSD=X_hgb_fft,EURUSD=X,hgb,,long_short,predict,,0.010675888180947446,0.0021393101430737804,0.06568833658526052,-0.1259220836406134,1287.0,210.9822552177224,1.504825559822172e-05,0.0036867523506900197,258.99545454545455,424,0.5330188679245284,1.2156335970600443,0.2938784686395881,0.44231813754494453,0.26583235275646283,low_sharpe,1,-0.20030636703677496,-0.6499102738691394,-0.41128862225449736,-1.3655088843235392,-0.727762005081081,-2.4389068000051384,0.0,,,,,,,False,False,False,0.14620779401605458,reject
bt_crypto_5y_ETH-USD_mlp_dmd,C:\Users\dunnm\source\repos\finance-scrapers-portfolio\artifacts\backtests\bt_crypto_5y_ETH-USD_mlp_dmd,ETH-USD,mlp,,long_short,predict,,0.00488125097092218,0.002490564414340257,0.7047877755953827,-7.17056203087818e-05,716.0,0.2868224812350028,6.817885686054933e-06,0.00018500776432898858,365.76083916083917,1,0.0,0.0,0.5202739659930594,0.006666666666666667,0.180511411228822,"too_few_trades,weak_profit_factor",2,0.0045944284896871765,0.6633774339417371,0.004307606008452174,0.6219670922880911,0.00387737228659967,0.5598515798076223,0.0,,,,,,,False,True,False,0.14592880809745895,reject
bt_crypto_5y_ETH-USD_mlp_hmm_fft_dmd,C:\Users\dunnm\source\repos\finance-scrapers-portfolio\artifacts\backtests\bt_crypto_5y_ETH-USD_mlp_hmm_fft_dmd,ETH-USD,mlp,,long_short,predict,,0.00488125097092218,0.002490564414340257,0.7047877755953827,-7.17056203087818e-05,716.0,0.2868224812350028,6.817885686054933e-06,0.00018500776432898858,365.76083916083917,1,0.0,0.0,0.5202739659930594,0.006666666666666667,0.180511411228822,"too_few_trades,weak_profit_factor",2,0.0045944284896871765,0.6633774339417371,0.004307606008452174,0.6219670922880911,0.00387737228659967,0.5598515798076223,0.0,,,,,,,False,True,False,0.14592880809745895,reject
bt_eurusd_sweep5y_kernelcmp3_EURUSD=X_rf_wv_cwt_morlet,C:\Users\dunnm\source\repos\finance-scrapers-portfolio\artifacts\backtests\bt_eurusd_sweep5y_kernelcmp3_EURUSD=X_rf_wv_cwt_morlet,EURUSD=X,rf,,long_short,predict,,0.06824425169527237,0.013373760744954888,0.25892522202626966,-0.12506976475053277,1287.0,124.10402443588953,5.773244510971671e-05,0.0035883241258786707,258.99545454545455,418,0.5119617224880383,1.0551942408568105,0.34714353034485046,0.3332704227396317,0.26228794268302386,low_sharpe,1,-0.05585977274061715,-0.1735504917199791,-0.17996379717650668,-0.6060262054662279,-0.36611983383034097,-1.254739776085601,0.0,,,,,,,False,False,False,0.14425836847566315,reject
bt_eurusd_sweep5y_kernelcmp3_EURUSD=X_rf_wv_cwt_morlet_ar5,C:\Users\dunnm\source\repos\finance-scrapers-portfolio\artifacts\backtests\bt_eurusd_sweep5y_kernelcmp3_EURUSD=X_rf_wv_cwt_morlet_ar5,EURUSD=X,rf,,long_short,predict,,0.06824425169527237,0.013373760744954888,0.25892522202626966,-0.12506976475053277,1287.0,124.10402443588953,5.773244510971671e-05,0.0035883241258786707,258.99545454545455,418,0.5119617224880383,1.0551942408568105,0.34714353034485046,0.3332704227396317,0.26228794268302386,low_sharpe,1,-0.05585977274061715,-0.1735504917199791,-0.17996379717650668,-0.6060262054662279,-0.36611983383034097,-1.254739776085601,0.0,,,,,,,False,False,False,0.14425836847566315,reject
bt_smoke_multi_rescore_5y,C:\Users\dunnm\source\repos\finance-scrapers-portfolio\artifacts\backtests\bt_smoke_multi_rescore_5y,,smoke_ml_multi_alloc_smoke\model.joblib,smoke_ml_multi_alloc_smoke,long_short,predict,equal,0.9685495266515336,0.14542456904485768,0.7698856421971921,-0.3390489085112325,1503.0,,0.000519328387534945,0.011708904356377076,301.3011800219539,0,,,0.39468736912443986,0.0,0.2565467899308859,,0,,,,,,,0.0,,,,,,,False,False,False,0.14110073446198726,reject
bt_crypto_5y_BTC-USD_mlp_wv_cwt_ricker_ar5,C:\Users\dunnm\source\repos\finance-scrapers-portfolio\artifacts\backtests\bt_crypto_5y_BTC-USD_mlp_wv_cwt_ricker_ar5,BTC-USD,mlp,,long_short,predict,,0.03193852012655429,0.016189979379231945,0.334951893004644,-0.038982213779766406,716.0,7.278875954771064,4.7604229595250865e-05,0.0027180766962762136,365.76083916083917,203,0.5024630541871922,1.0414803814455744,0.4171577518816844,0.31047651647809477,0.21981931949042802,"low_sharpe,weak_profit_factor",2,0.024659644171783228,0.26342189854246073,0.017380768217012163,0.19189190408027748,0.006462454284855569,0.08459691238700258,0.0,,,,,,,False,False,False,0.13529251852575624,reject
bt_eurusd_rescore_EURUSD=X_hgb_stops,C:\Users\dunnm\source\repos\finance-scrapers-portfolio\artifacts\backtests\bt_eurusd_rescore_EURUSD=X_hgb_stops,EURUSD=X,hgb,,long_short,predict,,-0.016541609881989272,-0.0033528845362044146,-0.06286054535336132,-0.08268550451142898,1286.0,179.0,-9.816226191346546e-06,0.002512831501643376,258.93687982359427,89,0.5056179775280899,1.2262930455466472,0.2846199188874577,0.39916333117014857,0.2447101131863995,low_sharpe,1,-0.19554160988198926,-0.9542051699673083,-0.37454160988198926,-1.8455497945812551,-0.6430416098819893,-3.1825667315021753,0.0,,,,,,,False,False,False,0.13459056225251975,reject
bt_eurusd_sweep5y_EURUSD=X_hgb_stops,C:\Users\dunnm\source\repos\finance-scrapers-portfolio\artifacts\backtests\bt_eurusd_sweep5y_EURUSD=X_hgb_stops,EURUSD=X,hgb,,long_short,predict,,-0.016541609881989272,-0.0033528845362044146,-0.06286054535336132,-0.08268550451142898,1286.0,179.0,-9.816226191346546e-06,0.002512831501643376,258.93687982359427,89,0.5056179775280899,1.2262930455466472,0.2846199188874577,0.39916333117014857,0.2447101131863995,low_sharpe,1,-0.19554160988198926,-0.9542051699673083,-0.37454160988198926,-1.8455497945812551,-0.6430416098819893,-3.1825667315021753,0.0,,,,,,,False,False,False,0.13459056225251975,reject
bt_crypto_5y_SOL-USD_hgb_proba_hmm_wavelet,C:\Users\dunnm\source\repos\finance-scrapers-portfolio\artifacts\backtests\bt_crypto_5y_SOL-USD_hgb_proba_hmm_wavelet,SOL-USD,hgb,,long_short,proba,,-0.02090524444456965,-0.010734394612716858,-0.23306563946858516,-0.08483993225646214,716.0,14.17804629822135,-2.704478104123563e-05,0.00221923769947165,365.76083916083917,107,0.4953271028037383,1.456092290151915,0.2379069425008403,0.48456396047490385,0.24423689879176252,low_sharpe,1,-0.035083290742791,-0.4037124395964868,-0.04926133704101235,-0.5743592397243884,-0.07052840648834438,-0.8303294399162408,0.0,,,,,,,False,False,False,0.1343302943354694,reject
bt_crypto_5y_ETH-USD_hgb_dmd,C:\Users\dunnm\source\repos\finance-scrapers-portfolio\artifacts\backtests\bt_crypto_5y_ETH-USD_hgb_dmd,ETH-USD,hgb,,long_short,predict,,-0.00516806316876528,-0.0026433946812707276,-0.7252348087353855,-0.00516806316876528,716.0,0.2868224812350028,-7.218475743645718e-06,0.00019035551487037644,365.76083916083917,1,1.0,inf,0.17209372021251482,0.8066666666666668,0.23419425147146797,"low_sharpe,too_few_trades",2,-0.005454885650000283,-0.7654817894160217,-0.0057417081312352855,-0.805728770096658,-0.00617194185308779,-0.8660992411176124,0.0,,,,,,,False,False,False,0.1288068383093074,reject
bt_crypto_5y_ETH-USD_hgb_hmm_fft_dmd,C:\Users\dunnm\source\repos\finance-scrapers-portfolio\artifacts\backtests\bt_crypto_5y_ETH-USD_hgb_hmm_fft_dmd,ETH-USD,hgb,,long_short,predict,,-0.00516806316876528,-0.0026433946812707276,-0.7252348087353855,-0.00516806316876528,716.0,0.2868224812350028,-7.218475743645718e-06,0.00019035551487037644,365.76083916083917,1,1.0,inf,0.17209372021251482,0.8066666666666668,0.23419425147146797,"low_sharpe,too_few_trades",2,-0.005454885650000283,-0.7654817894160217,-0.0057417081312352855,-0.805728770096658,-0.00617194185308779,-0.8660992411176124,0.0,,,,,,,False,False,False,0.1288068383093074,reject
bt_crypto_5y_ETH-USD_rf_dmd,C:\Users\dunnm\source\repos\finance-scrapers-portfolio\artifacts\backtests\bt_crypto_5y_ETH-USD_rf_dmd,ETH-USD,rf,,long_short,predict,,-0.00516806316876528,-0.0026433946812707276,-0.7252348087353855,-0.00516806316876528,716.0,0.2868224812350028,-7.218475743645718e-06,0.00019035551487037644,365.76083916083917,1,1.0,inf,0.17209372021251482,0.8066666666666668,0.23419425147146797,"low_sharpe,too_few_trades",2,-0.005454885650000283,-0.7654817894160217,-0.0057417081312352855,-0.805728770096658,-0.00617194185308779,-0.8660992411176124,0.0,,,,,,,False,False,False,0.1288068383093074,reject
bt_crypto_5y_ETH-USD_rf_hmm_fft_dmd,C:\Users\dunnm\source\repos\finance-scrapers-portfolio\artifacts\backtests\bt_crypto_5y_ETH-USD_rf_hmm_fft_dmd,ETH-USD,rf,,long_short,predict,,-0.00516806316876528,-0.0026433946812707276,-0.7252348087353855,-0.00516806316876528,716.0,0.2868224812350028,-7.218475743645718e-06,0.00019035551487037644,365.76083916083917,1,1.0,inf,0.17209372021251482,0.8066666666666668,0.23419425147146797,"low_sharpe,too_few_trades",2,-0.005454885650000283,-0.7654817894160217,-0.0057417081312352855,-0.805728770096658,-0.00617194185308779,-0.8660992411176124,0.0,,,,,,,False,False,False,0.1288068383093074,reject
bt_crypto_5y_BTC-USD_hgb_wv_dwt_db6,C:\Users\dunnm\source\repos\finance-scrapers-portfolio\artifacts\backtests\bt_crypto_5y_BTC-USD_hgb_wv_dwt_db6,BTC-USD,hgb,,long_short,predict,,-0.02047120427702198,-0.010510390903106792,-0.32275787865845557,-0.032586160037917145,716.0,16.835051745827858,-2.755446134488603e-05,0.0016327273799990416,365.76083916083917,67,0.5074626865671642,1.2899391698293892,0.24649208604278533,0.43103232791576246,0.2310811706983273,low_sharpe,1,-0.03730625602284984,-0.5981720989500174,-0.0541413077686777,-0.8735863192415791,-0.07939388538741948,-1.2867076496789218,0.0,,,,,,,False,False,False,0.12709464388408,reject
bt_eurusd_sweep5y_dbwavelet_EURUSD=X_mlp_wavelet,C:\Users\dunnm\source\repos\finance-scrapers-portfolio\artifacts\backtests\bt_eurusd_sweep5y_dbwavelet_EURUSD=X_mlp_wavelet,EURUSD=X,mlp,,long_short,predict,,-0.013616603652281345,-0.002755225415855156,-0.05037758257650976,-0.07941763877626473,1287.0,198.9447465047859,-7.662341845199846e-06,0.0024477681023448265,258.99545454545455,206,0.5,1.1342116270256866,0.28990052483613665,0.34789523216155893,0.23019867240003444,low_sharpe,1,-0.21256135015706726,-1.0666958422914246,-0.41150609666185317,-2.083014102006339,-0.709923216419032,-3.60749149157871,0.0,,,,,,,False,False,False,0.12660926982001897,reject
bt_crypto_5y_BTC-USD_rf_baseline,C:\Users\dunnm\source\repos\finance-scrapers-portfolio\artifacts\backtests\bt_crypto_5y_BTC-USD_rf_baseline,BTC-USD,rf,,long_short,predict,,-0.042250727900804974,-0.02181116641434322,-0.0044912038666546205,-0.2112788857716661,716.0,35.0,-2.528271931329111e-06,0.01076612992505341,365.76083916083917,17,0.5882352941176471,1.7943989462396746,0.21629562318272927,0.7127246238470692,0.23004577341524826,"low_sharpe,too_few_trades",2,-0.07725072790080498,-0.09132604379559145,-0.11225072790080498,-0.17816088372452826,-0.16475072790080497,-0.3084131436179335,0.0,,,,,,,False,False,False,0.12652517537838656,reject
bt_crypto_5y_SOL-USD_mlp_hmm,C:\Users\dunnm\source\repos\finance-scrapers-portfolio\artifacts\backtests\bt_crypto_5y_SOL-USD_mlp_hmm,SOL-USD,mlp,,long_short,predict,,0.0011164631482052378,0.0005701774459649922,0.03934526050470414,-0.09939659534667422,716.0,1.880683130730992,6.403091740159208e-06,0.0031124035475272797,365.76083916083917,246,0.5040650406504065,1.0605838996750006,0.3020980606581617,0.32187657599196157,0.22902054102499164,low_sharpe,1,-0.0007642199825257541,0.023205194454620808,-0.002644903113256746,0.007065128404537482,-0.005465927809353234,-0.017144970670587508,0.0,,,,,,,False,False,False,0.12649118219408573,reject
bt_crypto_5y_SOL-USD_mlp_proba_hmm_fft,C:\Users\dunnm\source\repos\finance-scrapers-portfolio\artifacts\backtests\bt_crypto_5y_SOL-USD_mlp_proba_hmm_fft,SOL-USD,mlp,,long_short,proba,,0.0011164631482052378,0.0005701774459649922,0.03934526050470414,-0.09939659534667422,716.0,1.880683130730992,6.403091740159208e-06,0.0031124035475272797,365.76083916083917,246,0.5040650406504065,1.0605838996750006,0.3020980606581617,0.32187657599196157,0.22902054102499164,low_sharpe,1,-0.0007642199825257541,0.023205194454620808,-0.002644903113256746,0.007065128404537482,-0.005465927809353234,-0.017144970670587508,0.0,,,,,,,False,False,False,0.12649118219408573,reject
bt_crypto_5y_BTC-USD_hgb_dmd,C:\Users\dunnm\source\repos\finance-scrapers-portfolio\artifacts\backtests\bt_crypto_5y_BTC-USD_hgb_dmd,BTC-USD,hgb,,long_short,predict,,0.0,0.0,,0.0,716.0,0.0,0.0,0.0,365.76083916083917,0,,,0.35,0.0,0.22749999999999998,,0,0.0,,0.0,,0.0,,0.0,,,,,,,False,False,False,0.125125,reject
bt_crypto_5y_BTC-USD_hgb_hmm_fft_dmd,C:\Users\dunnm\source\repos\finance-scrapers-portfolio\artifacts\backtests\bt_crypto_5y_BTC-USD_hgb_hmm_fft_dmd,BTC-USD,hgb,,long_short,predict,,0.0,0.0,,0.0,716.0,0.0,0.0,0.0,365.76083916083917,0,,,0.35,0.0,0.22749999999999998,,0,0.0,,0.0,,0.0,,0.0,,,,,,,False,False,False,0.125125,reject
bt_crypto_5y_BTC-USD_hgb_hmm_wavelet_dmd,C:\Users\dunnm\source\repos\finance-scrapers-portfolio\artifacts\backtests\bt_crypto_5y_BTC-USD_hgb_hmm_wavelet_dmd,BTC-USD,hgb,,long_short,predict,,0.0,0.0,,0.0,716.0,0.0,0.0,0.0,365.76083916083917,0,,,0.35,0.0,0.22749999999999998,,0,0.0,,0.0,,0.0,,0.0,,,,,,,False,False,False,0.125125,reject
bt_crypto_5y_BTC-USD_hgb_wv_dwt_db2,C:\Users\dunnm\source\repos\finance-scrapers-portfolio\artifacts\backtests\bt_crypto_5y_BTC-USD_hgb_wv_dwt_db2,BTC-USD,hgb,,long_short,predict,,0.0,0.0,,0.0,716.0,0.0,0.0,0.0,365.76083916083917,0,,,0.35,0.0,0.22749999999999998,,0,0.0,,0.0,,0.0,,0.0,,,,,,,False,False,False,0.125125,reject
bt_crypto_5y_BTC-USD_mlp_dmd,C:\Users\dunnm\source\repos\finance-scrapers-portfolio\artifacts\backtests\bt_crypto_5y_BTC-USD_mlp_dmd,BTC-USD,mlp,,long_short,predict,,0.0,0.0,,0.0,716.0,0.0,0.0,0.0,365.76083916083917,0,,,0.35,0.0,0.22749999999999998,,0,0.0,,0.0,,0.0,,0.0,,,,,,,False,False,False,0.125125,reject
bt_crypto_5y_BTC-USD_mlp_hmm_fft_dmd,C:\Users\dunnm\source\repos\finance-scrapers-portfolio\artifacts\backtests\bt_crypto_5y_BTC-USD_mlp_hmm_fft_dmd,BTC-USD,mlp,,long_short,predict,,0.0,0.0,,0.0,716.0,0.0,0.0,0.0,365.76083916083917,0,,,0.35,0.0,0.22749999999999998,,0,0.0,,0.0,,0.0,,0.0,,,,,,,False,False,False,0.125125,reject
bt_crypto_5y_BTC-USD_mlp_hmm_wavelet_dmd,C:\Users\dunnm\source\repos\finance-scrapers-portfolio\artifacts\backtests\bt_crypto_5y_BTC-USD_mlp_hmm_wavelet_dmd,BTC-USD,mlp,,long_short,predict,,0.0,0.0,,0.0,716.0,0.0,0.0,0.0,365.76083916083917,0,,,0.35,0.0,0.22749999999999998,,0,0.0,,0.0,,0.0,,0.0,,,,,,,False,False,False,0.125125,reject
bt_crypto_5y_BTC-USD_mlp_wv_dwt_db2,C:\Users\dunnm\source\repos\finance-scrapers-portfolio\artifacts\backtests\bt_crypto_5y_BTC-USD_mlp_wv_dwt_db2,BTC-USD,mlp,,long_short,predict,,0.0,0.0,,0.0,716.0,0.0,0.0,0.0,365.76083916083917,0,,,0.35,0.0,0.22749999999999998,,0,0.0,,0.0,,0.0,,0.0,,,,,,,False,False,False,0.125125,reject
bt_crypto_5y_BTC-USD_rf_dmd,C:\Users\dunnm\source\repos\finance-scrapers-portfolio\artifacts\backtests\bt_crypto_5y_BTC-USD_rf_dmd,BTC-USD,rf,,long_short,predict,,0.0,0.0,,0.0,716.0,0.0,0.0,0.0,365.76083916083917,0,,,0.35,0.0,0.22749999999999998,,0,0.0,,0.0,,0.0,,0.0,,,,,,,False,False,False,0.125125,reject
bt_crypto_5y_BTC-USD_rf_hmm_fft_dmd,C:\Users\dunnm\source\repos\finance-scrapers-portfolio\artifacts\backtests\bt_crypto_5y_BTC-USD_rf_hmm_fft_dmd,BTC-USD,rf,,long_short,predict,,0.0,0.0,,0.0,716.0,0.0,0.0,0.0,365.76083916083917,0,,,0.35,0.0,0.22749999999999998,,0,0.0,,0.0,,0.0,,0.0,,,,,,,False,False,False,0.125125,reject
bt_crypto_5y_BTC-USD_rf_hmm_wavelet_dmd,C:\Users\dunnm\source\repos\finance-scrapers-portfolio\artifacts\backtests\bt_crypto_5y_BTC-USD_rf_hmm_wavelet_dmd,BTC-USD,rf,,long_short,predict,,0.0,0.0,,0.0,716.0,0.0,0.0,0.0,365.76083916083917,0,,,0.35,0.0,0.22749999999999998,,0,0.0,,0.0,,0.0,,0.0,,,,,,,False,False,False,0.125125,reject
bt_crypto_5y_BTC-USD_rf_wv_dwt_db2,C:\Users\dunnm\source\repos\finance-scrapers-portfolio\artifacts\backtests\bt_crypto_5y_BTC-USD_rf_wv_dwt_db2,BTC-USD,rf,,long_short,predict,,0.0,0.0,,0.0,716.0,0.0,0.0,0.0,365.76083916083917,0,,,0.35,0.0,0.22749999999999998,,0,0.0,,0.0,,0.0,,0.0,,,,,,,False,False,False,0.125125,reject
bt_crypto_5y_ETH-USD_hgb_hmm_wavelet_dmd,C:\Users\dunnm\source\repos\finance-scrapers-portfolio\artifacts\backtests\bt_crypto_5y_ETH-USD_hgb_hmm_wavelet_dmd,ETH-USD,hgb,,long_short,predict,,0.0,0.0,,0.0,716.0,0.0,0.0,0.0,365.76083916083917,0,,,0.35,0.0,0.22749999999999998,,0,0.0,,0.0,,0.0,,0.0,,,,,,,False,False,False,0.125125,reject
bt_crypto_5y_ETH-USD_hgb_wv_dwt_db2,C:\Users\dunnm\source\repos\finance-scrapers-portfolio\artifacts\backtests\bt_crypto_5y_ETH-USD_hgb_wv_dwt_db2,ETH-USD,hgb,,long_short,predict,,0.0,0.0,,0.0,716.0,0.0,0.0,0.0,365.76083916083917,0,,,0.35,0.0,0.22749999999999998,,0,0.0,,0.0,,0.0,,0.0,,,,,,,False,False,False,0.125125,reject
bt_crypto_5y_ETH-USD_mlp_hmm_wavelet_dmd,C:\Users\dunnm\source\repos\finance-scrapers-portfolio\artifacts\backtests\bt_crypto_5y_ETH-USD_mlp_hmm_wavelet_dmd,ETH-USD,mlp,,long_short,predict,,0.0,0.0,,0.0,716.0,0.0,0.0,0.0,365.76083916083917,0,,,0.35,0.0,0.22749999999999998,,0,0.0,,0.0,,0.0,,0.0,,,,,,,False,False,False,0.125125,reject
bt_crypto_5y_ETH-USD_mlp_wv_dwt_db2,C:\Users\dunnm\source\repos\finance-scrapers-portfolio\artifacts\backtests\bt_crypto_5y_ETH-USD_mlp_wv_dwt_db2,ETH-USD,mlp,,long_short,predict,,0.0,0.0,,0.0,716.0,0.0,0.0,0.0,365.76083916083917,0,,,0.35,0.0,0.22749999999999998,,0,0.0,,0.0,,0.0,,0.0,,,,,,,False,False,False,0.125125,reject
bt_crypto_5y_ETH-USD_rf_hmm_wavelet_dmd,C:\Users\dunnm\source\repos\finance-scrapers-portfolio\artifacts\backtests\bt_crypto_5y_ETH-USD_rf_hmm_wavelet_dmd,ETH-USD,rf,,long_short,predict,,0.0,0.0,,0.0,716.0,0.0,0.0,0.0,365.76083916083917,0,,,0.35,0.0,0.22749999999999998,,0,0.0,,0.0,,0.0,,0.0,,,,,,,False,False,False,0.125125,reject
bt_crypto_5y_ETH-USD_rf_wv_dwt_db2,C:\Users\dunnm\source\repos\finance-scrapers-portfolio\artifacts\backtests\bt_crypto_5y_ETH-USD_rf_wv_dwt_db2,ETH-USD,rf,,long_short,predict,,0.0,0.0,,0.0,716.0,0.0,0.0,0.0,365.76083916083917,0,,,0.35,0.0,0.22749999999999998,,0,0.0,,0.0,,0.0,,0.0,,,,,,,False,False,False,0.125125,reject
bt_crypto_5y_SOL-USD_hgb_dmd,C:\Users\dunnm\source\repos\finance-scrapers-portfolio\artifacts\backtests\bt_crypto_5y_SOL-USD_hgb_dmd,SOL-USD,hgb,,long_short,predict,,0.0,0.0,,0.0,716.0,0.0,0.0,0.0,365.76083916083917,0,,,0.35,0.0,0.22749999999999998,,0,0.0,,0.0,,0.0,,0.0,,,,,,,False,False,False,0.125125,reject
bt_crypto_5y_SOL-USD_hgb_hmm_fft_dmd,C:\Users\dunnm\source\repos\finance-scrapers-portfolio\artifacts\backtests\bt_crypto_5y_SOL-USD_hgb_hmm_fft_dmd,SOL-USD,hgb,,long_short,predict,,0.0,0.0,,0.0,716.0,0.0,0.0,0.0,365.76083916083917,0,,,0.35,0.0,0.22749999999999998,,0,0.0,,0.0,,0.0,,0.0,,,,,,,False,False,False,0.125125,reject
bt_crypto_5y_SOL-USD_hgb_hmm_wavelet_dmd,C:\Users\dunnm\source\repos\finance-scrapers-portfolio\artifacts\backtests\bt_crypto_5y_SOL-USD_hgb_hmm_wavelet_dmd,SOL-USD,hgb,,long_short,predict,,0.0,0.0,,0.0,716.0,0.0,0.0,0.0,365.76083916083917,0,,,0.35,0.0,0.22749999999999998,,0,0.0,,0.0,,0.0,,0.0,,,,,,,False,False,False,0.125125,reject
bt_crypto_5y_SOL-USD_hgb_wv_dwt_db2,C:\Users\dunnm\source\repos\finance-scrapers-portfolio\artifacts\backtests\bt_crypto_5y_SOL-USD_hgb_wv_dwt_db2,SOL-USD,hgb,,long_short,predict,,0.0,0.0,,0.0,716.0,0.0,0.0,0.0,365.76083916083917,0,,,0.35,0.0,0.22749999999999998,,0,0.0,,0.0,,0.0,,0.0,,,,,,,False,False,False,0.125125,reject
bt_crypto_5y_SOL-USD_mlp_dmd,C:\Users\dunnm\source\repos\finance-scrapers-portfolio\artifacts\backtests\bt_crypto_5y_SOL-USD_mlp_dmd,SOL-USD,mlp,,long_short,predict,,0.0,0.0,,0.0,716.0,0.0,0.0,0.0,365.76083916083917,0,,,0.35,0.0,0.22749999999999998,,0,0.0,,0.0,,0.0,,0.0,,,,,,,False,False,False,0.125125,reject
bt_crypto_5y_SOL-USD_mlp_hmm_fft_dmd,C:\Users\dunnm\source\repos\finance-scrapers-portfolio\artifacts\backtests\bt_crypto_5y_SOL-USD_mlp_hmm_fft_dmd,SOL-USD,mlp,,long_short,predict,,0.0,0.0,,0.0,716.0,0.0,0.0,0.0,365.76083916083917,0,,,0.35,0.0,0.22749999999999998,,0,0.0,,0.0,,0.0,,0.0,,,,,,,False,False,False,0.125125,reject
bt_crypto_5y_SOL-USD_mlp_hmm_wavelet_dmd,C:\Users\dunnm\source\repos\finance-scrapers-portfolio\artifacts\backtests\bt_crypto_5y_SOL-USD_mlp_hmm_wavelet_dmd,SOL-USD,mlp,,long_short,predict,,0.0,0.0,,0.0,716.0,0.0,0.0,0.0,365.76083916083917,0,,,0.35,0.0,0.22749999999999998,,0,0.0,,0.0,,0.0,,0.0,,,,,,,False,False,False,0.125125,reject
bt_crypto_5y_SOL-USD_mlp_wv_dwt_db2,C:\Users\dunnm\source\repos\finance-scrapers-portfolio\artifacts\backtests\bt_crypto_5y_SOL-USD_mlp_wv_dwt_db2,SOL-USD,mlp,,long_short,predict,,0.0,0.0,,0.0,716.0,0.0,0.0,0.0,365.76083916083917,0,,,0.35,0.0,0.22749999999999998,,0,0.0,,0.0,,0.0,,0.0,,,,,,,False,False,False,0.125125,reject
bt_crypto_5y_SOL-USD_rf_dmd,C:\Users\dunnm\source\repos\finance-scrapers-portfolio\artifacts\backtests\bt_crypto_5y_SOL-USD_rf_dmd,SOL-USD,rf,,long_short,predict,,0.0,0.0,,0.0,716.0,0.0,0.0,0.0,365.76083916083917,0,,,0.35,0.0,0.22749999999999998,,0,0.0,,0.0,,0.0,,0.0,,,,,,,False,False,False,0.125125,reject
bt_crypto_5y_SOL-USD_rf_hmm_fft_dmd,C:\Users\dunnm\source\repos\finance-scrapers-portfolio\artifacts\backtests\bt_crypto_5y_SOL-USD_rf_hmm_fft_dmd,SOL-USD,rf,,long_short,predict,,0.0,0.0,,0.0,716.0,0.0,0.0,0.0,365.76083916083917,0,,,0.35,0.0,0.22749999999999998,,0,0.0,,0.0,,0.0,,0.0,,,,,,,False,False,False,0.125125,reject
bt_crypto_5y_SOL-USD_rf_hmm_wavelet_dmd,C:\Users\dunnm\source\repos\finance-scrapers-portfolio\artifacts\backtests\bt_crypto_5y_SOL-USD_rf_hmm_wavelet_dmd,SOL-USD,rf,,long_short,predict,,0.0,0.0,,0.0,716.0,0.0,0.0,0.0,365.76083916083917,0,,,0.35,0.0,0.22749999999999998,,0,0.0,,0.0,,0.0,,0.0,,,,,,,False,False,False,0.125125,reject
bt_crypto_5y_SOL-USD_rf_wv_dwt_db2,C:\Users\dunnm\source\repos\finance-scrapers-portfolio\artifacts\backtests\bt_crypto_5y_SOL-USD_rf_wv_dwt_db2,SOL-USD,rf,,long_short,predict,,0.0,0.0,,0.0,716.0,0.0,0.0,0.0,365.76083916083917,0,,,0.35,0.0,0.22749999999999998,,0,0.0,,0.0,,0.0,,0.0,,,,,,,False,False,False,0.125125,reject
bt_eurusd_sweep5y_EURUSD=X_hgb_dmd,C:\Users\dunnm\source\repos\finance-scrapers-portfolio\artifacts\backtests\bt_eurusd_sweep5y_EURUSD=X_hgb_dmd,EURUSD=X,hgb,,long_short,predict,,0.0,0.0,,0.0,1287.0,0.0,0.0,0.0,258.99545454545455,0,,,0.35,0.0,0.22749999999999998,,0,0.0,,0.0,,0.0,,0.0,,,,,,,False,False,False,0.125125,reject
bt_eurusd_sweep5y_EURUSD=X_hgb_hmm_fft_dmd,C:\Users\dunnm\source\repos\finance-scrapers-portfolio\artifacts\backtests\bt_eurusd_sweep5y_EURUSD=X_hgb_hmm_fft_dmd,EURUSD=X,hgb,,long_short,predict,,0.0,0.0,,0.0,1287.0,0.0,0.0,0.0,258.99545454545455,0,,,0.35,0.0,0.22749999999999998,,0,0.0,,0.0,,0.0,,0.0,,,,,,,False,False,False,0.125125,reject
bt_eurusd_sweep5y_EURUSD=X_mlp_dmd,C:\Users\dunnm\source\repos\finance-scrapers-portfolio\artifacts\backtests\bt_eurusd_sweep5y_EURUSD=X_mlp_dmd,EURUSD=X,mlp,,long_short,predict,,0.0,0.0,,0.0,1287.0,0.0,0.0,0.0,258.99545454545455,0,,,0.35,0.0,0.22749999999999998,,0,0.0,,0.0,,0.0,,0.0,,,,,,,False,False,False,0.125125,reject
bt_eurusd_sweep5y_EURUSD=X_mlp_hmm_fft_dmd,C:\Users\dunnm\source\repos\finance-scrapers-portfolio\artifacts\backtests\bt_eurusd_sweep5y_EURUSD=X_mlp_hmm_fft_dmd,EURUSD=X,mlp,,long_short,predict,,0.0,0.0,,0.0,1287.0,0.0,0.0,0.0,258.99545454545455,0,,,0.35,0.0,0.22749999999999998,,0,0.0,,0.0,,0.0,,0.0,,,,,,,False,False,False,0.125125,reject
bt_eurusd_sweep5y_EURUSD=X_rf_dmd,C:\Users\dunnm\source\repos\finance-scrapers-portfolio\artifacts\backtests\bt_eurusd_sweep5y_EURUSD=X_rf_dmd,EURUSD=X,rf,,long_short,predict,,0.0,0.0,,0.0,1287.0,0.0,0.0,0.0,258.99545454545455,0,,,0.35,0.0,0.22749999999999998,,0,0.0,,0.0,,0.0,,0.0,,,,,,,False,False,False,0.125125,reject
bt_eurusd_sweep5y_EURUSD=X_rf_hmm_fft_dmd,C:\Users\dunnm\source\repos\finance-scrapers-portfolio\artifacts\backtests\bt_eurusd_sweep5y_EURUSD=X_rf_hmm_fft_dmd,EURUSD=X,rf,,long_short,predict,,0.0,0.0,,0.0,1287.0,0.0,0.0,0.0,258.99545454545455,0,,,0.35,0.0,0.22749999999999998,,0,0.0,,0.0,,0.0,,0.0,,,,,,,False,False,False,0.125125,reject
bt_eurusd_sweep5y_kernelcmp2_EURUSD=X_rf_wv_cwt_morlet,C:\Users\dunnm\source\repos\finance-scrapers-portfolio\artifacts\backtests\bt_eurusd_sweep5y_kernelcmp2_EURUSD=X_rf_wv_cwt_morlet,EURUSD=X,rf,,long_short,predict,,0.0,0.0,,0.0,1287.0,0.0,0.0,0.0,258.99545454545455,0,,,0.35,0.0,0.22749999999999998,,0,0.0,,0.0,,0.0,,0.0,,,,,,,False,False,False,0.125125,reject
bt_eurusd_sweep5y_kernelcmp2_EURUSD=X_rf_wv_cwt_morlet_ar5,C:\Users\dunnm\source\repos\finance-scrapers-portfolio\artifacts\backtests\bt_eurusd_sweep5y_kernelcmp2_EURUSD=X_rf_wv_cwt_morlet_ar5,EURUSD=X,rf,,long_short,predict,,0.0,0.0,,0.0,1287.0,0.0,0.0,0.0,258.99545454545455,0,,,0.35,0.0,0.22749999999999998,,0,0.0,,0.0,,0.0,,0.0,,,,,,,False,False,False,0.125125,reject
bt_eurusd_sweep5y_kernelcmp2_EURUSD=X_rf_wv_cwt_ricker,C:\Users\dunnm\source\repos\finance-scrapers-portfolio\artifacts\backtests\bt_eurusd_sweep5y_kernelcmp2_EURUSD=X_rf_wv_cwt_ricker,EURUSD=X,rf,,long_short,predict,,0.0,0.0,,0.0,1287.0,0.0,0.0,0.0,258.99545454545455,0,,,0.35,0.0,0.22749999999999998,,0,0.0,,0.0,,0.0,,0.0,,,,,,,False,False,False,0.125125,reject
bt_eurusd_sweep5y_kernelcmp2_EURUSD=X_rf_wv_cwt_ricker_ar5,C:\Users\dunnm\source\repos\finance-scrapers-portfolio\artifacts\backtests\bt_eurusd_sweep5y_kernelcmp2_EURUSD=X_rf_wv_cwt_ricker_ar5,EURUSD=X,rf,,long_short,predict,,0.0,0.0,,0.0,1287.0,0.0,0.0,0.0,258.99545454545455,0,,,0.35,0.0,0.22749999999999998,,0,0.0,,0.0,,0.0,,0.0,,,,,,,False,False,False,0.125125,reject
bt_eurusd_sweep5y_kernelcmp_EURUSD=X_rf_wv_cwt_morlet,C:\Users\dunnm\source\repos\finance-scrapers-portfolio\artifacts\backtests\bt_eurusd_sweep5y_kernelcmp_EURUSD=X_rf_wv_cwt_morlet,EURUSD=X,rf,,long_short,predict,,0.0,0.0,,0.0,1287.0,0.0,0.0,0.0,258.99545454545455,0,,,0.35,0.0,0.22749999999999998,,0,0.0,,0.0,,0.0,,0.0,,,,,,,False,False,False,0.125125,reject
bt_eurusd_sweep5y_kernelcmp_EURUSD=X_rf_wv_cwt_morlet_ar5,C:\Users\dunnm\source\repos\finance-scrapers-portfolio\artifacts\backtests\bt_eurusd_sweep5y_kernelcmp_EURUSD=X_rf_wv_cwt_morlet_ar5,EURUSD=X,rf,,long_short,predict,,0.0,0.0,,0.0,1287.0,0.0,0.0,0.0,258.99545454545455,0,,,0.35,0.0,0.22749999999999998,,0,0.0,,0.0,,0.0,,0.0,,,,,,,False,False,False,0.125125,reject
bt_eurusd_sweep5y_kernelcmp_EURUSD=X_rf_wv_cwt_ricker,C:\Users\dunnm\source\repos\finance-scrapers-portfolio\artifacts\backtests\bt_eurusd_sweep5y_kernelcmp_EURUSD=X_rf_wv_cwt_ricker,EURUSD=X,rf,,long_short,predict,,0.0,0.0,,0.0,1287.0,0.0,0.0,0.0,258.99545454545455,0,,,0.35,0.0,0.22749999999999998,,0,0.0,,0.0,,0.0,,0.0,,,,,,,False,False,False,0.125125,reject
bt_eurusd_sweep5y_kernelcmp_EURUSD=X_rf_wv_cwt_ricker_ar5,C:\Users\dunnm\source\repos\finance-scrapers-portfolio\artifacts\backtests\bt_eurusd_sweep5y_kernelcmp_EURUSD=X_rf_wv_cwt_ricker_ar5,EURUSD=X,rf,,long_short,predict,,0.0,0.0,,0.0,1287.0,0.0,0.0,0.0,258.99545454545455,0,,,0.35,0.0,0.22749999999999998,,0,0.0,,0.0,,0.0,,0.0,,,,,,,False,False,False,0.125125,reject
bt_eurusd_sweep5y_kernelcmp_EURUSD=X_rf_wv_dwt_db2,C:\Users\dunnm\source\repos\finance-scrapers-portfolio\artifacts\backtests\bt_eurusd_sweep5y_kernelcmp_EURUSD=X_rf_wv_dwt_db2,EURUSD=X,rf,,long_short,predict,,0.0,0.0,,0.0,1287.0,0.0,0.0,0.0,258.99545454545455,0,,,0.35,0.0,0.22749999999999998,,0,0.0,,0.0,,0.0,,0.0,,,,,,,False,False,False,0.125125,reject
bt_eurusd_sweep5y_wavelet2_EURUSD=X_hgb_wavelet,C:\Users\dunnm\source\repos\finance-scrapers-portfolio\artifacts\backtests\bt_eurusd_sweep5y_wavelet2_EURUSD=X_hgb_wavelet,EURUSD=X,hgb,,long_short,predict,,0.0,0.0,,0.0,1287.0,0.0,0.0,0.0,258.99545454545455,0,,,0.35,0.0,0.22749999999999998,,0,0.0,,0.0,,0.0,,0.0,,,,,,,False,False,False,0.125125,reject
bt_eurusd_sweep5y_wavelet2_EURUSD=X_mlp_wavelet,C:\Users\dunnm\source\repos\finance-scrapers-portfolio\artifacts\backtests\bt_eurusd_sweep5y_wavelet2_EURUSD=X_mlp_wavelet,EURUSD=X,mlp,,long_short,predict,,0.0,0.0,,0.0,1287.0,0.0,0.0,0.0,258.99545454545455,0,,,0.35,0.0,0.22749999999999998,,0,0.0,,0.0,,0.0,,0.0,,,,,,,False,False,False,0.125125,reject
bt_eurusd_sweep5y_wavelet2_EURUSD=X_rf_wavelet,C:\Users\dunnm\source\repos\finance-scrapers-portfolio\artifacts\backtests\bt_eurusd_sweep5y_wavelet2_EURUSD=X_rf_wavelet,EURUSD=X,rf,,long_short,predict,,0.0,0.0,,0.0,1287.0,0.0,0.0,0.0,258.99545454545455,0,,,0.35,0.0,0.22749999999999998,,0,0.0,,0.0,,0.0,,0.0,,,,,,,False,False,False,0.125125,reject
bt_eurusd_sweep5y_wavelet_EURUSD=X_hgb_wavelet,C:\Users\dunnm\source\repos\finance-scrapers-portfolio\artifacts\backtests\bt_eurusd_sweep5y_wavelet_EURUSD=X_hgb_wavelet,EURUSD=X,hgb,,long_short,predict,,0.0,0.0,,0.0,1287.0,0.0,0.0,0.0,258.99545454545455,0,,,0.35,0.0,0.22749999999999998,,0,0.0,,0.0,,0.0,,0.0,,,,,,,False,False,False,0.125125,reject
bt_eurusd_sweep5y_wavelet_EURUSD=X_mlp_wavelet,C:\Users\dunnm\source\repos\finance-scrapers-portfolio\artifacts\backtests\bt_eurusd_sweep5y_wavelet_EURUSD=X_mlp_wavelet,EURUSD=X,mlp,,long_short,predict,,0.0,0.0,,0.0,1287.0,0.0,0.0,0.0,258.99545454545455,0,,,0.35,0.0,0.22749999999999998,,0,0.0,,0.0,,0.0,,0.0,,,,,,,False,False,False,0.125125,reject
bt_eurusd_sweep5y_wavelet_EURUSD=X_rf_wavelet,C:\Users\dunnm\source\repos\finance-scrapers-portfolio\artifacts\backtests\bt_eurusd_sweep5y_wavelet_EURUSD=X_rf_wavelet,EURUSD=X,rf,,long_short,predict,,0.0,0.0,,0.0,1287.0,0.0,0.0,0.0,258.99545454545455,0,,,0.35,0.0,0.22749999999999998,,0,0.0,,0.0,,0.0,,0.0,,,,,,,False,False,False,0.125125,reject
bt_eurusd_sweep_EURUSD=X_hgb_dmd,C:\Users\dunnm\source\repos\finance-scrapers-portfolio\artifacts\backtests\bt_eurusd_sweep_EURUSD=X_hgb_dmd,EURUSD=X,hgb,,long_short,predict,,0.0,0.0,,0.0,16.0,0.0,0.0,0.0,265.6363636363636,0,,,0.35,0.0,0.22749999999999998,,0,0.0,,0.0,,0.0,,0.0,,,,,,,False,False,False,0.125125,reject
bt_eurusd_sweep_EURUSD=X_hgb_fft,C:\Users\dunnm\source\repos\finance-scrapers-portfolio\artifacts\backtests\bt_eurusd_sweep_EURUSD=X_hgb_fft,EURUSD=X,hgb,,long_short,predict,,0.0,0.0,,0.0,16.0,0.0,0.0,0.0,265.6363636363636,0,,,0.35,0.0,0.22749999999999998,,0,0.0,,0.0,,0.0,,0.0,,,,,,,False,False,False,0.125125,reject
bt_eurusd_sweep_EURUSD=X_hgb_hmm,C:\Users\dunnm\source\repos\finance-scrapers-portfolio\artifacts\backtests\bt_eurusd_sweep_EURUSD=X_hgb_hmm,EURUSD=X,hgb,,long_short,predict,,0.0,0.0,,0.0,16.0,0.0,0.0,0.0,265.6363636363636,0,,,0.35,0.0,0.22749999999999998,,0,0.0,,0.0,,0.0,,0.0,,,,,,,False,False,False,0.125125,reject
bt_eurusd_sweep_EURUSD=X_hgb_hmm_fft_dmd,C:\Users\dunnm\source\repos\finance-scrapers-portfolio\artifacts\backtests\bt_eurusd_sweep_EURUSD=X_hgb_hmm_fft_dmd,EURUSD=X,hgb,,long_short,predict,,0.0,0.0,,0.0,16.0,0.0,0.0,0.0,265.6363636363636,0,,,0.35,0.0,0.22749999999999998,,0,0.0,,0.0,,0.0,,0.0,,,,,,,False,False,False,0.125125,reject
bt_eurusd_sweep_EURUSD=X_hgb_proba_hmm_fft,C:\Users\dunnm\source\repos\finance-scrapers-portfolio\artifacts\backtests\bt_eurusd_sweep_EURUSD=X_hgb_proba_hmm_fft,EURUSD=X,hgb,,long_short,proba,,0.0,0.0,,0.0,16.0,0.0,0.0,0.0,265.6363636363636,0,,,0.35,0.0,0.22749999999999998,,0,0.0,,0.0,,0.0,,0.0,,,,,,,False,False,False,0.125125,reject
bt_eurusd_sweep_EURUSD=X_hgb_voltarget,C:\Users\dunnm\source\repos\finance-scrapers-portfolio\artifacts\backtests\bt_eurusd_sweep_EURUSD=X_hgb_voltarget,EURUSD=X,hgb,,long_short,predict,,0.0,0.0,,0.0,16.0,0.0,0.0,0.0,265.6363636363636,0,,,0.35,0.0,0.22749999999999998,,0,0.0,,0.0,,0.0,,0.0,,,,,,,False,False,False,0.125125,reject
bt_eurusd_sweep_EURUSD=X_mlp_dmd,C:\Users\dunnm\source\repos\finance-scrapers-portfolio\artifacts\backtests\bt_eurusd_sweep_EURUSD=X_mlp_dmd,EURUSD=X,mlp,,long_short,predict,,0.0,0.0,,0.0,16.0,0.0,0.0,0.0,265.6363636363636,0,,,0.35,0.0,0.22749999999999998,,0,0.0,,0.0,,0.0,,0.0,,,,,,,False,False,False,0.125125,reject
bt_eurusd_sweep_EURUSD=X_mlp_fft,C:\Users\dunnm\source\repos\finance-scrapers-portfolio\artifacts\backtests\bt_eurusd_sweep_EURUSD=X_mlp_fft,EURUSD=X,mlp,,long_short,predict,,0.0,0.0,,0.0,16.0,0.0,0.0,0.0,265.6363636363636,0,,,0.35,0.0,0.22749999999999998,,0,0.0,,0.0,,0.0,,0.0,,,,,,,False,False,False,0.125125,reject
bt_eurusd_sweep_EURUSD=X_mlp_hmm,C:\Users\dunnm\source\repos\finance-scrapers-portfolio\artifacts\backtests\bt_eurusd_sweep_EURUSD=X_mlp_hmm,EURUSD=X,mlp,,long_short,predict,,0.0,0.0,,0.0,16.0,0.0,0.0,0.0,265.6363636363636,0,,,0.35,0.0,0.22749999999999998,,0,0.0,,0.0,,0.0,,0.0,,,,,,,False,False,False,0.125125,reject
bt_eurusd_sweep_EURUSD=X_mlp_hmm_fft_dmd,C:\Users\dunnm\source\repos\finance-scrapers-portfolio\artifacts\backtests\bt_eurusd_sweep_EURUSD=X_mlp_hmm_fft_dmd,EURUSD=X,mlp,,long_short,predict,,0.0,0.0,,0.0,16.0,0.0,0.0,0.0,265.6363636363636,0,,,0.35,0.0,0.22749999999999998,,0,0.0,,0.0,,0.0,,0.0,,,,,,,False,False,False,0.125125,reject
bt_eurusd_sweep_EURUSD=X_mlp_proba_hmm_fft,C:\Users\dunnm\source\repos\finance-scrapers-portfolio\artifacts\backtests\bt_eurusd_sweep_EURUSD=X_mlp_proba_hmm_fft,EURUSD=X,mlp,,long_short,proba,,0.0,0.0,,0.0,16.0,0.0,0.0,0.0,265.6363636363636,0,,,0.35,0.0,0.22749999999999998,,0,0.0,,0.0,,0.0,,0.0,,,,,,,False,False,False,0.125125,reject
bt_eurusd_sweep_EURUSD=X_mlp_voltarget,C:\Users\dunnm\source\repos\finance-scrapers-portfolio\artifacts\backtests\bt_eurusd_sweep_EURUSD=X_mlp_voltarget,EURUSD=X,mlp,,long_short,predict,,0.0,0.0,,0.0,16.0,0.0,0.0,0.0,265.6363636363636,0,,,0.35,0.0,0.22749999999999998,,0,0.0,,0.0,,0.0,,0.0,,,,,,,False,False,False,0.125125,reject
bt_eurusd_sweep_EURUSD=X_rf_dmd,C:\Users\dunnm\source\repos\finance-scrapers-portfolio\artifacts\backtests\bt_eurusd_sweep_EURUSD=X_rf_dmd,EURUSD=X,rf,,long_short,predict,,0.0,0.0,,0.0,16.0,0.0,0.0,0.0,265.6363636363636,0,,,0.35,0.0,0.22749999999999998,,0,0.0,,0.0,,0.0,,0.0,,,,,,,False,False,False,0.125125,reject
bt_eurusd_sweep_EURUSD=X_rf_fft,C:\Users\dunnm\source\repos\finance-scrapers-portfolio\artifacts\backtests\bt_eurusd_sweep_EURUSD=X_rf_fft,EURUSD=X,rf,,long_short,predict,,0.0,0.0,,0.0,16.0,0.0,0.0,0.0,265.6363636363636,0,,,0.35,0.0,0.22749999999999998,,0,0.0,,0.0,,0.0,,0.0,,,,,,,False,False,False,0.125125,reject
bt_eurusd_sweep_EURUSD=X_rf_hmm,C:\Users\dunnm\source\repos\finance-scrapers-portfolio\artifacts\backtests\bt_eurusd_sweep_EURUSD=X_rf_hmm,EURUSD=X,rf,,long_short,predict,,0.0,0.0,,0.0,16.0,0.0,0.0,0.0,265.6363636363636,0,,,0.35,0.0,0.22749999999999998,,0,0.0,,0.0,,0.0,,0.0,,,,,,,False,False,False,0.125125,reject
bt_eurusd_sweep_EURUSD=X_rf_hmm_fft_dmd,C:\Users\dunnm\source\repos\finance-scrapers-portfolio\artifacts\backtests\bt_eurusd_sweep_EURUSD=X_rf_hmm_fft_dmd,EURUSD=X,rf,,long_short,predict,,0.0,0.0,,0.0,16.0,0.0,0.0,0.0,265.6363636363636,0,,,0.35,0.0,0.22749999999999998,,0,0.0,,0.0,,0.0,,0.0,,,,,,,False,False,False,0.125125,reject
bt_eurusd_sweep_EURUSD=X_rf_proba_hmm_fft,C:\Users\dunnm\source\repos\finance-scrapers-portfolio\artifacts\backtests\bt_eurusd_sweep_EURUSD=X_rf_proba_hmm_fft,EURUSD=X,rf,,long_short,proba,,0.0,0.0,,0.0,16.0,0.0,0.0,0.0,265.6363636363636,0,,,0.35,0.0,0.22749999999999998,,0,0.0,,0.0,,0.0,,0.0,,,,,,,False,False,False,0.125125,reject
bt_eurusd_sweep_EURUSD=X_rf_voltarget,C:\Users\dunnm\source\repos\finance-scrapers-portfolio\artifacts\backtests\bt_eurusd_sweep_EURUSD=X_rf_voltarget,EURUSD=X,rf,,long_short,predict,,0.0,0.0,,0.0,16.0,0.0,0.0,0.0,265.6363636363636,0,,,0.35,0.0,0.22749999999999998,,0,0.0,,0.0,,0.0,,0.0,,,,,,,False,False,False,0.125125,reject
bt_eurusd_rescore_EURUSD=X_mlp_stops,C:\Users\dunnm\source\repos\finance-scrapers-portfolio\artifacts\backtests\bt_eurusd_rescore_EURUSD=X_mlp_stops,EURUSD=X,mlp,,long_short,predict,,-0.015579900240092481,-0.0031567234699675373,-0.057579027935990165,-0.06711821113520955,1286.0,99.0,-9.030058774936823e-06,0.0025236156010790714,258.93687982359427,49,0.3469387755102041,1.1115646350852153,0.295104084029464,0.2502040857883469,0.199389084645073,low_sharpe,1,-0.11457990024009249,-0.5484507087630517,-0.2135799002400925,-1.0393223895901134,-0.3620799002400925,-1.7756299108307056,0.0,,,,,,,False,False,False,0.10966399655479016,reject
bt_eurusd_sweep5y_EURUSD=X_mlp_stops,C:\Users\dunnm\source\repos\finance-scrapers-portfolio\artifacts\backtests\bt_eurusd_sweep5y_EURUSD=X_mlp_stops,EURUSD=X,mlp,,long_short,predict,,-0.015579900240092481,-0.0031567234699675373,-0.057579027935990165,-0.06711821113520955,1286.0,99.0,-9.030058774936823e-06,0.0025236156010790714,258.93687982359427,49,0.3469387755102041,1.1115646350852153,0.295104084029464,0.2502040857883469,0.199389084645073,low_sharpe,1,-0.11457990024009249,-0.5484507087630517,-0.2135799002400925,-1.0393223895901134,-0.3620799002400925,-1.7756299108307056,0.0,,,,,,,False,False,False,0.10966399655479016,reject
bt_crypto_5y_BTC-USD_rf_fft,C:\Users\dunnm\source\repos\finance-scrapers-portfolio\artifacts\backtests\bt_crypto_5y_BTC-USD_rf_fft,BTC-USD,rf,,long_short,predict,,-0.025550751415640116,-0.013134942437807218,-0.19048086759442356,-0.06856167952808434,716.0,13.320543937855332,-3.1233977030027125e-05,0.0031359889853286877,365.76083916083917,249,0.4939759036144578,1.0681939057258778,0.25690231326118673,0.3076450889019462,0.1946622847354525,low_sharpe,1,-0.03887129535349545,-0.3039383156666212,-0.05219183929135078,-0.417395763738819,-0.07217265519813378,-0.5875819358471154,0.0,,,,,,,False,False,False,0.10706425660449888,reject
bt_crypto_5y_BTC-USD_rf_hmm,C:\Users\dunnm\source\repos\finance-scrapers-portfolio\artifacts\backtests\bt_crypto_5y_BTC-USD_rf_hmm,BTC-USD,rf,,long_short,predict,,-0.025550751415640116,-0.013134942437807218,-0.19048086759442356,-0.06856167952808434,716.0,13.320543937855332,-3.1233977030027125e-05,0.0031359889853286877,365.76083916083917,249,0.4939759036144578,1.0681939057258778,0.25690231326118673,0.3076450889019462,0.1946622847354525,low_sharpe,1,-0.03887129535349545,-0.3039383156666212,-0.05219183929135078,-0.417395763738819,-0.07217265519813378,-0.5875819358471154,0.0,,,,,,,False,False,False,0.10706425660449888,reject
bt_crypto_5y_BTC-USD_rf_voltarget,C:\Users\dunnm\source\repos\finance-scrapers-portfolio\artifacts\backtests\bt_crypto_5y_BTC-USD_rf_voltarget,BTC-USD,rf,,long_short,predict,,-0.025550751415640116,-0.013134942437807218,-0.19048086759442356,-0.06856167952808434,716.0,13.320543937855332,-3.1233977030027125e-05,0.0031359889853286877,365.76083916083917,249,0.4939759036144578,1.0681939057258778,0.25690231326118673,0.3076450889019462,0.1946622847354525,low_sharpe,1,-0.03887129535349545,-0.3039383156666212,-0.05219183929135078,-0.417395763738819,-0.07217265519813378,-0.5875819358471154,0.0,,,,,,,False,False,False,0.10706425660449888,reject
bt_crypto_5y_BTC-USD_rf_wv_cwt_morlet,C:\Users\dunnm\source\repos\finance-scrapers-portfolio\artifacts\backtests\bt_crypto_5y_BTC-USD_rf_wv_cwt_morlet,BTC-USD,rf,,long_short,predict,,-0.025550751415640116,-0.013134942437807218,-0.19048086759442356,-0.06856167952808434,716.0,13.320543937855332,-3.1233977030027125e-05,0.0031359889853286877,365.76083916083917,249,0.4939759036144578,1.0681939057258778,0.25690231326118673,0.3076450889019462,0.1946622847354525,low_sharpe,1,-0.03887129535349545,-0.3039383156666212,-0.05219183929135078,-0.417395763738819,-0.07217265519813378,-0.5875819358471154,0.0,,,,,,,False,False,False,0.10706425660449888,reject
bt_crypto_5y_BTC-USD_rf_wv_cwt_morlet_ar5,C:\Users\dunnm\source\repos\finance-scrapers-portfolio\artifacts\backtests\bt_crypto_5y_BTC-USD_rf_wv_cwt_morlet_ar5,BTC-USD,rf,,long_short,predict,,-0.025550751415640116,-0.013134942437807218,-0.19048086759442356,-0.06856167952808434,716.0,13.320543937855332,-3.1233977030027125e-05,0.0031359889853286877,365.76083916083917,249,0.4939759036144578,1.0681939057258778,0.25690231326118673,0.3076450889019462,0.1946622847354525,low_sharpe,1,-0.03887129535349545,-0.3039383156666212,-0.05219183929135078,-0.417395763738819,-0.07217265519813378,-0.5875819358471154,0.0,,,,,,,False,False,False,0.10706425660449888,reject
bt_crypto_5y_ETH-USD_mlp_baseline,C:\Users\dunnm\source\repos\finance-scrapers-portfolio\artifacts\backtests\bt_crypto_5y_ETH-USD_mlp_baseline,ETH-USD,mlp,,long_short,predict,,0.3253945702057328,0.15477856177019111,0.563825595299637,-0.42745548654244325,716.0,1.0,0.0005972304922617367,0.020257963693055034,365.76083916083917,0,,,0.30031120204293954,0.0,0.1152022813279107,drawdown_too_high,1,0.3243945702057328,0.5625070659790045,0.3233945702057328,0.5611885366583718,0.3218945702057328,0.5592107426774229,0.0,,,,,,,False,True,False,0.10545039497972877,reject
bt_crypto_5y_SOL-USD_mlp_wv_cwt_ricker,C:\Users\dunnm\source\repos\finance-scrapers-portfolio\artifacts\backtests\bt_crypto_5y_SOL-USD_mlp_wv_cwt_ricker,SOL-USD,mlp,,long_short,predict,,0.013870299055194879,0.007061619161670141,0.15411238305999803,-0.09097998444865607,716.0,3.5437394186533036,2.3487613342492572e-05,0.0029147409019106047,365.76083916083917,207,0.5024154589371981,1.0148709583219342,0.3384063609351355,0.298418984384967,0.16441077914257649,"low_sharpe,weak_profit_factor",2,0.010326559636541575,0.12163751432190224,0.006782820217888272,0.08916264558380649,0.0014672110899083164,0.04045034247666283,0.0,,,,,,,False,False,False,0.09711312694720256,reject
bt_crypto_5y_SOL-USD_mlp_wv_cwt_ricker_ar5,C:\Users\dunnm\source\repos\finance-scrapers-portfolio\artifacts\backtests\bt_crypto_5y_SOL-USD_mlp_wv_cwt_ricker_ar5,SOL-USD,mlp,,long_short,predict,,0.011740274211627266,0.005980270301156221,0.1347970364604533,-0.092969257904845,716.0,3.2024034575167084,2.0554795469513336e-05,0.002916294763244305,365.76083916083917,208,0.5048076923076923,1.026584097433622,0.33197898117631847,0.3078763053835914,0.16354304464886396,"low_sharpe,weak_profit_factor",2,0.008537870754110558,0.10546581099770712,0.005335467296593849,0.07613458553496094,0.0005318621103187864,0.03213774734084167,0.0,,,,,,,False,False,False,0.09565876847199727,reject
bt_eurusd_sweep5y_kernelcmp_EURUSD=X_rf_wv_dwt_db8,C:\Users\dunnm\source\repos\finance-scrapers-portfolio\artifacts\backtests\bt_eurusd_sweep5y_kernelcmp_EURUSD=X_rf_wv_dwt_db8,EURUSD=X,rf,,long_short,predict,,0.013725831468623051,0.0027471634204829787,0.1022239126497377,-0.08329387100509644,1287.0,157.90395157090876,1.254192463255022e-05,0.001974502818711527,258.99545454545455,123,0.5284552845528455,0.9876047798318929,0.3281229871287247,0.33729674796747966,0.1713338034222889,"low_sharpe,weak_profit_factor",2,-0.1441781201022857,-0.8977824529677431,-0.30208207167319445,-1.8977888185852236,-0.5389379990295576,-3.3977983670114447,0.0,,,,,,,False,False,False,0.09423359188225891,reject
bt_eurusd_sweep5y_kernelcmp_EURUSD=X_rf_wv_dwt_db8_ar5,C:\Users\dunnm\source\repos\finance-scrapers-portfolio\artifacts\backtests\bt_eurusd_sweep5y_kernelcmp_EURUSD=X_rf_wv_dwt_db8_ar5,EURUSD=X,rf,,long_short,predict,,0.018330276882857932,0.00366206727858831,0.13097928880412138,-0.082958266637283,1287.0,157.9500944934204,1.6061066405302116e-05,0.001973412254839423,258.99545454545455,123,0.5121951219512195,0.9264903642878777,0.33587516728385786,0.30884146341463414,0.16641337092962957,"low_sharpe,weak_profit_factor",2,-0.13961981761056247,-0.8698720936465325,-0.29756991210398287,-1.8707234760971865,-0.5344950538441136,-3.372000549773168,0.0,,,,,,,False,False,False,0.09152735401129627,reject
bt_crypto_5y_BTC-USD_hgb_fft,C:\Users\dunnm\source\repos\finance-scrapers-portfolio\artifacts\backtests\bt_crypto_5y_BTC-USD_hgb_fft,BTC-USD,hgb,,long_short,predict,,-0.05063524965758259,-0.026195123571020718,-0.4154628280424404,-0.07924657788735812,716.0,13.145382127593242,-6.771377241130235e-05,0.003117047633586214,365.76083916083917,244,0.5081967213114754,1.1070193617567519,0.19017022658130014,0.3500029750856203,0.16611168855781216,low_sharpe,1,-0.06378063178517583,-0.5281087195465113,-0.07692601391276907,-0.6407546110505821,-0.09664408710415895,-0.8097234483066885,0.0,,,,,,,False,False,False,0.0913614287067967,reject
bt_crypto_5y_BTC-USD_hgb_hmm,C:\Users\dunnm\source\repos\finance-scrapers-portfolio\artifacts\backtests\bt_crypto_5y_BTC-USD_hgb_hmm,BTC-USD,hgb,,long_short,predict,,-0.05063524965758259,-0.026195123571020718,-0.4154628280424404,-0.07924657788735812,716.0,13.145382127593242,-6.771377241130235e-05,0.003117047633586214,365.76083916083917,244,0.5081967213114754,1.1070193617567519,0.19017022658130014,0.3500029750856203,0.16611168855781216,low_sharpe,1,-0.06378063178517583,-0.5281087195465113,-0.07692601391276907,-0.6407546110505821,-0.09664408710415895,-0.8097234483066885,0.0,,,,,,,False,False,False,0.0913614287067967,reject
bt_crypto_5y_BTC-USD_hgb_voltarget,C:\Users\dunnm\source\repos\finance-scrapers-portfolio\artifacts\backtests\bt_crypto_5y_BTC-USD_hgb_voltarget,BTC-USD,hgb,,long_short,predict,,-0.05063524965758259,-0.026195123571020718,-0.4154628280424404,-0.07924657788735812,716.0,13.145382127593242,-6.771377241130235e-05,0.003117047633586214,365.76083916083917,244,0.5081967213114754,1.1070193617567519,0.19017022658130014,0.3500029750856203,0.16611168855781216,low_sharpe,1,-0.06378063178517583,-0.5281087195465113,-0.07692601391276907,-0.6407546110505821,-0.09664408710415895,-0.8097234483066885,0.0,,,,,,,False,False,False,0.0913614287067967,reject
bt_crypto_5y_BTC-USD_hgb_wv_cwt_morlet,C:\Users\dunnm\source\repos\finance-scrapers-portfolio\artifacts\backtests\bt_crypto_5y_BTC-USD_hgb_wv_cwt_morlet,BTC-USD,hgb,,long_short,predict,,-0.05063524965758259,-0.026195123571020718,-0.4154628280424404,-0.07924657788735812,716.0,13.145382127593242,-6.771377241130235e-05,0.003117047633586214,365.76083916083917,244,0.5081967213114754,1.1070193617567519,0.19017022658130014,0.3500029750856203,0.16611168855781216,low_sharpe,1,-0.06378063178517583,-0.5281087195465113,-0.07692601391276907,-0.6407546110505821,-0.09664408710415895,-0.8097234483066885,0.0,,,,,,,False,False,False,0.0913614287067967,reject
bt_crypto_5y_BTC-USD_hgb_wv_cwt_morlet_ar5,C:\Users\dunnm\source\repos\finance-scrapers-portfolio\artifacts\backtests\bt_crypto_5y_BTC-USD_hgb_wv_cwt_morlet_ar5,BTC-USD,hgb,,long_short,predict,,-0.05063524965758259,-0.026195123571020718,-0.4154628280424404,-0.07924657788735812,716.0,13.145382127593242,-6.771377241130235e-05,0.003117047633586214,365.76083916083917,244,0.5081967213114754,1.1070193617567519,0.19017022658130014,0.3500029750856203,0.16611168855781216,low_sharpe,1,-0.06378063178517583,-0.5281087195465113,-0.07692601391276907,-0.6407546110505821,-0.09664408710415895,-0.8097234483066885,0.0,,,,,,,False,False,False,0.0913614287067967,reject
bt_crypto_5y_BTC-USD_mlp_wv_dwt_db4,C:\Users\dunnm\source\repos\finance-scrapers-portfolio\artifacts\backtests\bt_crypto_5y_BTC-USD_mlp_wv_dwt_db4,BTC-USD,mlp,,long_short,predict,,0.008921614094377972,0.004547608931201985,0.201209840207016,-0.026312615582656518,716.0,8.220255943275845,1.3189586410872476e-05,0.0012536622938631994,365.76083916083917,34,0.4117647058823529,0.8153486597932663,0.38673327455426665,0.2,0.1613766284602733,"low_sharpe,weak_profit_factor",2,0.0007013581511021265,0.026067819463609372,-0.007518897792173719,-0.1490742012797972,-0.019849281707087486,-0.4117872323949071,0.0,,,,,,,False,False,False,0.08875714565315033,reject
bt_crypto_5y_ETH-USD_mlp_proba_hmm_wavelet,C:\Users\dunnm\source\repos\finance-scrapers-portfolio\artifacts\backtests\bt_crypto_5y_ETH-USD_mlp_proba_hmm_wavelet,ETH-USD,mlp,,long_short,proba,,0.011155580072280458,0.005683244109247587,0.20843009550542368,-0.03574877842833801,716.0,6.580174538118906,1.6660938856505563e-05,0.0015287541380954468,365.76083916083917,61,0.4426229508196721,0.7097052748503796,0.38350170501072156,0.2,0.159276108256969,"low_sharpe,weak_profit_factor",2,0.004575405534161551,0.09345987931846356,-0.0020047690039573553,-0.02151033686849657,-0.011875030811135716,-0.19396566114893676,0.0,,,,,,,False,False,False,0.08760185954133295,reject
bt_crypto_5y_ETH-USD_mlp_wv_dwt_db8_ar5,C:\Users\dunnm\source\repos\finance-scrapers-portfolio\artifacts\backtests\bt_crypto_5y_ETH-USD_mlp_wv_dwt_db8_ar5,ETH-USD,mlp,,long_short,predict,,0.009986837299030826,0.005089267722658608,0.19476728739291385,-0.04291561600497629,716.0,6.888267363918054,1.495500588827695e-05,0.0014684838520145304,365.76083916083917,59,0.4576271186440678,0.875592574433492,0.37568533104430263,0.21334745762711865,0.15886707534828823,"low_sharpe,weak_profit_factor",2,0.0030985699351127726,0.06947440492130205,-0.003789697428805281,-0.055818477550309734,-0.014122098474682362,-0.24375780125772742,0.0,,,,,,,False,False,False,0.08737689144155854,reject
bt_eurusd_sweep5y_dbwavelet_EURUSD=X_rf_fft,C:\Users\dunnm\source\repos\finance-scrapers-portfolio\artifacts\backtests\bt_eurusd_sweep5y_dbwavelet_EURUSD=X_rf_fft,EURUSD=X,rf,,long_short,predict,,0.03312502519593363,0.0065795924472884515,0.13989247850432404,-0.13006856881421902,1287.0,119.19940948802656,3.21686340846822e-05,0.003700703808114164,258.99545454545455,439,0.5034168564920274,1.0166799949140606,0.31186235736991635,0.30098549657237517,0.14805545609077694,"low_sharpe,weak_profit_factor",2,-0.08607438429209294,-0.26287769404963346,-0.2052737937801195,-0.665647866603591,-0.3840729080121593,-1.2698031254345272,0.0,,,,,,,False,False,False,0.08143050084992733,reject
bt_eurusd_sweep5y_EURUSD=X_rf_fft,C:\Users\dunnm\source\repos\finance-scrapers-portfolio\artifacts\backtests\bt_eurusd_sweep5y_EURUSD=X_rf_fft,EURUSD=X,rf,,long_short,predict,,0.03312502519593363,0.0065795924472884515,0.13989247850432404,-0.13006856881421902,1287.0,119.19940948802656,3.21686340846822e-05,0.003700703808114164,258.99545454545455,439,0.5034168564920274,1.0166799949140606,0.31186235736991635,0.30098549657237517,0.14805545609077694,"low_sharpe,weak_profit_factor",2,-0.08607438429209294,-0.26287769404963346,-0.2052737937801195,-0.665647866603591,-0.3840729080121593,-1.2698031254345272,0.0,,,,,,,False,False,False,0.08143050084992733,reject
bt_eurusd_sweep5y_EURUSD=X_rf_voltarget,C:\Users\dunnm\source\repos\finance-scrapers-portfolio\artifacts\backtests\bt_eurusd_sweep5y_EURUSD=X_rf_voltarget,EURUSD=X,rf,,long_short,predict,,0.03312502519593363,0.0065795924472884515,0.13989247850432404,-0.13006856881421902,1287.0,119.19940948802656,3.21686340846822e-05,0.003700703808114164,258.99545454545455,439,0.5034168564920274,1.0166799949140606,0.31186235736991635,0.30098549657237517,0.14805545609077694,"low_sharpe,weak_profit_factor",2,-0.08607438429209294,-0.26287769404963346,-0.2052737937801195,-0.665647866603591,-0.3840729080121593,-1.2698031254345272,0.0,,,,,,,False,False,False,0.08143050084992733,reject
bt_eurusd_sweep5y_kernelcmp2_EURUSD=X_rf_fft,C:\Users\dunnm\source\repos\finance-scrapers-portfolio\artifacts\backtests\bt_eurusd_sweep5y_kernelcmp2_EURUSD=X_rf_fft,EURUSD=X,rf,,long_short,predict,,0.03312502519593363,0.0065795924472884515,0.13989247850432404,-0.13006856881421902,1287.0,119.19940948802656,3.21686340846822e-05,0.003700703808114164,258.99545454545455,439,0.5034168564920274,1.0166799949140606,0.31186235736991635,0.30098549657237517,0.14805545609077694,"low_sharpe,weak_profit_factor",2,-0.08607438429209294,-0.26287769404963346,-0.2052737937801195,-0.665647866603591,-0.3840729080121593,-1.2698031254345272,0.0,,,,,,,False,False,False,0.08143050084992733,reject
bt_eurusd_sweep5y_kernelcmp3_EURUSD=X_rf_fft,C:\Users\dunnm\source\repos\finance-scrapers-portfolio\artifacts\backtests\bt_eurusd_sweep5y_kernelcmp3_EURUSD=X_rf_fft,EURUSD=X,rf,,long_short,predict,,0.03312502519593363,0.0065795924472884515,0.13989247850432404,-0.13006856881421902,1287.0,119.19940948802656,3.21686340846822e-05,0.003700703808114164,258.99545454545455,439,0.5034168564920274,1.0166799949140606,0.31186235736991635,0.30098549657237517,0.14805545609077694,"low_sharpe,weak_profit_factor",2,-0.08607438429209294,-0.26287769404963346,-0.2052737937801195,-0.665647866603591,-0.3840729080121593,-1.2698031254345272,0.0,,,,,,,False,False,False,0.08143050084992733,reject
bt_eurusd_sweep5y_kernelcmp_EURUSD=X_rf_fft,C:\Users\dunnm\source\repos\finance-scrapers-portfolio\artifacts\backtests\bt_eurusd_sweep5y_kernelcmp_EURUSD=X_rf_fft,EURUSD=X,rf,,long_short,predict,,0.03312502519593363,0.0065795924472884515,0.13989247850432404,-0.13006856881421902,1287.0,119.19940948802656,3.21686340846822e-05,0.003700703808114164,258.99545454545455,439,0.5034168564920274,1.0166799949140606,0.31186235736991635,0.30098549657237517,0.14805545609077694,"low_sharpe,weak_profit_factor",2,-0.08607438429209294,-0.26287769404963346,-0.2052737937801195,-0.665647866603591,-0.3840729080121593,-1.2698031254345272,0.0,,,,,,,False,False,False,0.08143050084992733,reject
bt_eurusd_sweep5y_wavelet2_EURUSD=X_rf_fft,C:\Users\dunnm\source\repos\finance-scrapers-portfolio\artifacts\backtests\bt_eurusd_sweep5y_wavelet2_EURUSD=X_rf_fft,EURUSD=X,rf,,long_short,predict,,0.03312502519593363,0.0065795924472884515,0.13989247850432404,-0.13006856881421902,1287.0,119.19940948802656,3.21686340846822e-05,0.003700703808114164,258.99545454545455,439,0.5034168564920274,1.0166799949140606,0.31186235736991635,0.30098549657237517,0.14805545609077694,"low_sharpe,weak_profit_factor",2,-0.08607438429209294,-0.26287769404963346,-0.2052737937801195,-0.665647866603591,-0.3840729080121593,-1.2698031254345272,0.0,,,,,,,False,False,False,0.08143050084992733,reject
bt_eurusd_sweep5y_wavelet_EURUSD=X_rf_fft,C:\Users\dunnm\source\repos\finance-scrapers-portfolio\artifacts\backtests\bt_eurusd_sweep5y_wavelet_EURUSD=X_rf_fft,EURUSD=X,rf,,long_short,predict,,0.03312502519593363,0.0065795924472884515,0.13989247850432404,-0.13006856881421902,1287.0,119.19940948802656,3.21686340846822e-05,0.003700703808114164,258.99545454545455,439,0.5034168564920274,1.0166799949140606,0.31186235736991635,0.30098549657237517,0.14805545609077694,"low_sharpe,weak_profit_factor",2,-0.08607438429209294,-0.26287769404963346,-0.2052737937801195,-0.665647866603591,-0.3840729080121593,-1.2698031254345272,0.0,,,,,,,False,False,False,0.08143050084992733,reject
bt_crypto_5y_BTC-USD_hgb_proba_hmm_fft,C:\Users\dunnm\source\repos\finance-scrapers-portfolio\artifacts\backtests\bt_crypto_5y_BTC-USD_hgb_proba_hmm_fft,BTC-USD,hgb,,long_short,proba,,-0.05926700001878671,-0.030728178318237154,-0.4956895707049728,-0.08126170134604893,716.0,12.263474045385047,-8.050363093959683e-05,0.0031060202999321604,365.76083916083917,241,0.5020746887966805,1.08569311477731,0.1680160224875739,0.3296926070439803,0.14460282708231614,low_sharpe,1,-0.07153047406417176,-0.6011512801768341,-0.0837939481095568,-0.7066129896486951,-0.10218915917763438,-0.8648055538564867,0.0,,,,,,,False,False,False,0.07953155489527389,reject
bt_crypto_5y_BTC-USD_mlp_wv_dwt_db6,C:\Users\dunnm\source\repos\finance-scrapers-portfolio\artifacts\backtests\bt_crypto_5y_BTC-USD_mlp_wv_dwt_db6,BTC-USD,mlp,,long_short,predict,,0.0036173751300645485,0.0018462648982895402,0.07466502356868929,-0.02898693125066698,716.0,13.45086086324425,6.377993356387035e-06,0.0016336742305008034,365.76083916083917,68,0.45588235294117646,0.6427338814877362,0.3525397947176463,0.2102941176470588,0.1427538077429407,"low_sharpe,weak_profit_factor",2,-0.009833485733179702,-0.14525774900056695,-0.023284346596423953,-0.36518052156982317,-0.04346063789129033,-0.6950646804237075,0.0,,,,,,,False,False,False,0.07851459425861738,reject
bt_crypto_5y_BTC-USD_mlp_fft,C:\Users\dunnm\source\repos\finance-scrapers-portfolio\artifacts\backtests\bt_crypto_5y_BTC-USD_mlp_fft,BTC-USD,mlp,,long_short,predict,,0.004196548859904947,0.00214156572638613,0.06566578456361827,-0.08710944037863799,716.0,3.887860313516244,1.0763115751172548e-05,0.003134710769450082,365.76083916083917,249,0.4939759036144578,0.9712242261657575,0.31651451192155555,0.27695783132530116,0.1426696737128665,"low_sharpe,weak_profit_factor",2,0.00030868854638870305,0.03253751455918122,-0.003579171767127541,-0.0005907554452558327,-0.009410962237401907,-0.050283160451911404,0.0,,,,,,,False,False,False,0.07846832054207659,reject
bt_crypto_5y_BTC-USD_mlp_hmm,C:\Users\dunnm\source\repos\finance-scrapers-portfolio\artifacts\backtests\bt_crypto_5y_BTC-USD_mlp_hmm,BTC-USD,mlp,,long_short,predict,,0.004196548859904947,0.00214156572638613,0.06566578456361827,-0.08710944037863799,716.0,3.887860313516244,1.0763115751172548e-05,0.003134710769450082,365.76083916083917,249,0.4939759036144578,0.9712242261657575,0.31651451192155555,0.27695783132530116,0.1426696737128665,"low_sharpe,weak_profit_factor",2,0.00030868854638870305,0.03253751455918122,-0.003579171767127541,-0.0005907554452558327,-0.009410962237401907,-0.050283160451911404,0.0,,,,,,,False,False,False,0.07846832054207659,reject
bt_crypto_5y_BTC-USD_mlp_proba_hmm_fft,C:\Users\dunnm\source\repos\finance-scrapers-portfolio\artifacts\backtests\bt_crypto_5y_BTC-USD_mlp_proba_hmm_fft,BTC-USD,mlp,,long_short,proba,,0.004196548859904947,0.00214156572638613,0.06566578456361827,-0.08710944037863799,716.0,3.887860313516244,1.0763115751172548e-05,0.003134710769450082,365.76083916083917,249,0.4939759036144578,0.9712242261657575,0.31651451192155555,0.27695783132530116,0.1426696737128665,"low_sharpe,weak_profit_factor",2,0.00030868854638870305,0.03253751455918122,-0.003579171767127541,-0.0005907554452558327,-0.009410962237401907,-0.050283160451911404,0.0,,,,,,,False,False,False,0.07846832054207659,reject
bt_crypto_5y_BTC-USD_mlp_voltarget,C:\Users\dunnm\source\repos\finance-scrapers-portfolio\artifacts\backtests\bt_crypto_5y_BTC-USD_mlp_voltarget,BTC-USD,mlp,,long_short,predict,,0.004196548859904947,0.00214156572638613,0.06566578456361827,-0.08710944037863799,716.0,3.887860313516244,1.0763115751172548e-05,0.003134710769450082,365.76083916083917,249,0.4939759036144578,0.9712242261657575,0.31651451192155555,0.27695783132530116,0.1426696737128665,"low_sharpe,weak_profit_factor",2,0.00030868854638870305,0.03253751455918122,-0.003579171767127541,-0.0005907554452558327,-0.009410962237401907,-0.050283160451911404,0.0,,,,,,,False,False,False,0.07846832054207659,reject
bt_crypto_5y_BTC-USD_mlp_wv_cwt_morlet,C:\Users\dunnm\source\repos\finance-scrapers-portfolio\artifacts\backtests\bt_crypto_5y_BTC-USD_mlp_wv_cwt_morlet,BTC-USD,mlp,,long_short,predict,,0.004196548859904947,0.00214156572638613,0.06566578456361827,-0.08710944037863799,716.0,3.887860313516244,1.0763115751172548e-05,0.003134710769450082,365.76083916083917,249,0.4939759036144578,0.9712242261657575,0.31651451192155555,0.27695783132530116,0.1426696737128665,"low_sharpe,weak_profit_factor",2,0.00030868854638870305,0.03253751455918122,-0.003579171767127541,-0.0005907554452558327,-0.009410962237401907,-0.050283160451911404,0.0,,,,,,,False,False,False,0.07846832054207659,reject
bt_crypto_5y_BTC-USD_mlp_wv_cwt_morlet_ar5,C:\Users\dunnm\source\repos\finance-scrapers-portfolio\artifacts\backtests\bt_crypto_5y_BTC-USD_mlp_wv_cwt_morlet_ar5,BTC-USD,mlp,,long_short,predict,,0.004196548859904947,0.00214156572638613,0.06566578456361827,-0.08710944037863799,716.0,3.887860313516244,1.0763115751172548e-05,0.003134710769450082,365.76083916083917,249,0.4939759036144578,0.9712242261657575,0.31651451192155555,0.27695783132530116,0.1426696737128665,"low_sharpe,weak_profit_factor",2,0.00030868854638870305,0.03253751455918122,-0.003579171767127541,-0.0005907554452558327,-0.009410962237401907,-0.050283160451911404,0.0,,,,,,,False,False,False,0.07846832054207659,reject
bt_crypto_5y_BTC-USD_mlp_proba_hmm_wavelet,C:\Users\dunnm\source\repos\finance-scrapers-portfolio\artifacts\backtests\bt_crypto_5y_BTC-USD_mlp_proba_hmm_wavelet,BTC-USD,mlp,,long_short,proba,,0.007853219012526225,0.0040040561939311825,0.13051546054377677,-0.04615673006192944,716.0,12.477642214120102,1.263977340919233e-05,0.0018521490400470778,365.76083916083917,81,0.41975308641975306,0.7530410685756899,0.35737381646984134,0.2,0.1422929807053969,"low_sharpe,weak_profit_factor",2,-0.004624423201593878,-0.04943053142300399,-0.01710206541571398,-0.22937652338978476,-0.03581852873689413,-0.4992955113399558,0.0,,,,,,,False,False,False,0.0782611393879683,reject
bt_crypto_5y_BTC-USD_mlp_wavelet,C:\Users\dunnm\source\repos\finance-scrapers-portfolio\artifacts\backtests\bt_crypto_5y_BTC-USD_mlp_wavelet,BTC-USD,mlp,,long_short,predict,,0.007853219012526225,0.0040040561939311825,0.13051546054377677,-0.04615673006192944,716.0,12.477642214120102,1.263977340919233e-05,0.0018521490400470778,365.76083916083917,81,0.41975308641975306,0.7530410685756899,0.35737381646984134,0.2,0.1422929807053969,"low_sharpe,weak_profit_factor",2,-0.004624423201593878,-0.04943053142300399,-0.01710206541571398,-0.22937652338978476,-0.03581852873689413,-0.4992955113399558,0.0,,,,,,,False,False,False,0.0782611393879683,reject
bt_crypto_5y_BTC-USD_mlp_wv_dwt_db8,C:\Users\dunnm\source\repos\finance-scrapers-portfolio\artifacts\backtests\bt_crypto_5y_BTC-USD_mlp_wv_dwt_db8,BTC-USD,mlp,,long_short,predict,,0.007853219012526225,0.0040040561939311825,0.13051546054377677,-0.04615673006192944,716.0,12.477642214120102,1.263977340919233e-05,0.0018521490400470778,365.76083916083917,81,0.41975308641975306,0.7530410685756899,0.35737381646984134,0.2,0.1422929807053969,"low_sharpe,weak_profit_factor",2,-0.004624423201593878,-0.04943053142300399,-0.01710206541571398,-0.22937652338978476,-0.03581852873689413,-0.4992955113399558,0.0,,,,,,,False,False,False,0.0782611393879683,reject
bt_crypto_5y_ETH-USD_mlp_wavelet,C:\Users\dunnm\source\repos\finance-scrapers-portfolio\artifacts\backtests\bt_crypto_5y_ETH-USD_mlp_wavelet,ETH-USD,mlp,,long_short,predict,,0.0032355177595693174,0.0016515233166936039,0.07061205794491009,-0.04330145371438032,716.0,6.588870074548037,5.702487906054859e-06,0.0015444864642082683,365.76083916083917,63,0.4603174603174603,0.8698342226323436,0.34309429234248445,0.2180555555555555,0.13933073446705932,"low_sharpe,weak_profit_factor",2,-0.0033533523149787197,-0.043337440391931534,-0.009942222389526757,-0.15728693872877317,-0.019825527501348812,-0.32821118623403556,0.0,,,,,,,False,False,False,0.07663190395688263,reject
bt_crypto_5y_ETH-USD_mlp_wv_dwt_db8,C:\Users\dunnm\source\repos\finance-scrapers-portfolio\artifacts\backtests\bt_crypto_5y_ETH-USD_mlp_wv_dwt_db8,ETH-USD,mlp,,long_short,predict,,0.0032355177595693174,0.0016515233166936039,0.07061205794491009,-0.04330145371438032,716.0,6.588870074548037,5.702487906054859e-06,0.0015444864642082683,365.76083916083917,63,0.4603174603174603,0.8698342226323436,0.34309429234248445,0.2180555555555555,0.13933073446705932,"low_sharpe,weak_profit_factor",2,-0.0033533523149787197,-0.043337440391931534,-0.009942222389526757,-0.15728693872877317,-0.019825527501348812,-0.32821118623403556,0.0,,,,,,,False,False,False,0.07663190395688263,reject
bt_crypto_5y_BTC-USD_mlp_wv_dwt_db8_ar5,C:\Users\dunnm\source\repos\finance-scrapers-portfolio\artifacts\backtests\bt_crypto_5y_BTC-USD_mlp_wv_dwt_db8_ar5,BTC-USD,mlp,,long_short,predict,,0.006144930681972971,0.0031343677652801993,0.10585127321372785,-0.04808885947938679,716.0,13.12494821558153,1.0280186671383173e-05,0.001857391771115389,365.76083916083917,84,0.40476190476190477,0.7571194366575681,0.34972956728596777,0.2,0.13732421873587905,"low_sharpe,weak_profit_factor",2,-0.006980017533608558,-0.08289555473817704,-0.020104965749190087,-0.2716423826900819,-0.039792388072562385,-0.5547626246179392,0.0,,,,,,,False,False,False,0.07552832030473348,reject
bt_eurusd_rescore_EURUSD=X_mlp_baseline,C:\Users\dunnm\source\repos\finance-scrapers-portfolio\artifacts\backtests\bt_eurusd_rescore_EURUSD=X_mlp_baseline,EURUSD=X,mlp,,long_short,predict,,0.0029375559086908254,0.0005904604576487671,0.03516886355286532,-0.0627298489803304,1287.0,29.0,5.810736752139774e-06,0.0026590036718963147,258.99545454545455,14,0.35714285714285715,1.3328198769330182,0.3224519521166157,0.2431022779531915,0.13467956615941726,"low_sharpe,too_few_trades",2,-0.026062444091309176,-0.10120984859679276,-0.05506244409130918,-0.23758856074645082,-0.09856244409130918,-0.4421566289709378,0.0,,,,,,,False,False,False,0.0740737613876795,reject
bt_eurusd_sweep5y_dbwavelet_EURUSD=X_mlp_baseline,C:\Users\dunnm\source\repos\finance-scrapers-portfolio\artifacts\backtests\bt_eurusd_sweep5y_dbwavelet_EURUSD=X_mlp_baseline,EURUSD=X,mlp,,long_short,predict,,0.0029375559086908254,0.0005904604576487671,0.03516886355286532,-0.0627298489803304,1287.0,29.0,5.810736752139774e-06,0.0026590036718963147,258.99545454545455,14,0.35714285714285715,1.3328198769330182,0.3224519521166157,0.2431022779531915,0.13467956615941726,"low_sharpe,too_few_trades",2,-0.026062444091309176,-0.10120984859679276,-0.05506244409130918,-0.23758856074645082,-0.09856244409130918,-0.4421566289709378,0.0,,,,,,,False,False,False,0.0740737613876795,reject
bt_eurusd_sweep5y_EURUSD=X_mlp_baseline,C:\Users\dunnm\source\repos\finance-scrapers-portfolio\artifacts\backtests\bt_eurusd_sweep5y_EURUSD=X_mlp_baseline,EURUSD=X,mlp,,long_short,predict,,0.0029375559086908254,0.0005904604576487671,0.03516886355286532,-0.0627298489803304,1287.0,29.0,5.810736752139774e-06,0.0026590036718963147,258.99545454545455,14,0.35714285714285715,1.3328198769330182,0.3224519521166157,0.2431022779531915,0.13467956615941726,"low_sharpe,too_few_trades",2,-0.026062444091309176,-0.10120984859679276,-0.05506244409130918,-0.23758856074645082,-0.09856244409130918,-0.4421566289709378,0.0,,,,,,,False,False,False,0.0740737613876795,reject
bt_eurusd_sweep5y_wavelet2_EURUSD=X_mlp_baseline,C:\Users\dunnm\source\repos\finance-scrapers-portfolio\artifacts\backtests\bt_eurusd_sweep5y_wavelet2_EURUSD=X_mlp_baseline,EURUSD=X,mlp,,long_short,predict,,0.0029375559086908254,0.0005904604576487671,0.03516886355286532,-0.0627298489803304,1287.0,29.0,5.810736752139774e-06,0.0026590036718963147,258.99545454545455,14,0.35714285714285715,1.3328198769330182,0.3224519521166157,0.2431022779531915,0.13467956615941726,"low_sharpe,too_few_trades",2,-0.026062444091309176,-0.10120984859679276,-0.05506244409130918,-0.23758856074645082,-0.09856244409130918,-0.4421566289709378,0.0,,,,,,,False,False,False,0.0740737613876795,reject
bt_eurusd_sweep5y_wavelet_EURUSD=X_mlp_baseline,C:\Users\dunnm\source\repos\finance-scrapers-portfolio\artifacts\backtests\bt_eurusd_sweep5y_wavelet_EURUSD=X_mlp_baseline,EURUSD=X,mlp,,long_short,predict,,0.0029375559086908254,0.0005904604576487671,0.03516886355286532,-0.0627298489803304,1287.0,29.0,5.810736752139774e-06,0.0026590036718963147,258.99545454545455,14,0.35714285714285715,1.3328198769330182,0.3224519521166157,0.2431022779531915,0.13467956615941726,"low_sharpe,too_few_trades",2,-0.026062444091309176,-0.10120984859679276,-0.05506244409130918,-0.23758856074645082,-0.09856244409130918,-0.4421566289709378,0.0,,,,,,,False,False,False,0.0740737613876795,reject
bt_crypto_5y_SOL-USD_mlp_fft,C:\Users\dunnm\source\repos\finance-scrapers-portfolio\artifacts\backtests\bt_crypto_5y_SOL-USD_mlp_fft,SOL-USD,mlp,,long_short,predict,,-0.008235597752932922,-0.004215574815872314,-0.04003929639089766,-0.09939659534667422,716.0,1.7025147131876726,-6.591668035440879e-06,0.0031485275164427695,365.76083916083917,249,0.5020080321285141,1.019284134764421,0.2802035781078013,0.2996919168688891,0.127024496674182,"low_sharpe,weak_profit_factor",2,-0.009938112466120594,-0.054482680493347174,-0.011640627179308267,-0.06892606459579668,-0.014194399249089776,-0.09059114074947094,0.0,,,,,,,False,False,False,0.0698634731708001,reject
bt_crypto_5y_SOL-USD_mlp_voltarget,C:\Users\dunnm\source\repos\finance-scrapers-portfolio\artifacts\backtests\bt_crypto_5y_SOL-USD_mlp_voltarget,SOL-USD,mlp,,long_short,predict,,-0.008235597752932922,-0.004215574815872314,-0.04003929639089766,-0.09939659534667422,716.0,1.7025147131876726,-6.591668035440879e-06,0.0031485275164427695,365.76083916083917,249,0.5020080321285141,1.019284134764421,0.2802035781078013,0.2996919168688891,0.127024496674182,"low_sharpe,weak_profit_factor",2,-0.009938112466120594,-0.054482680493347174,-0.011640627179308267,-0.06892606459579668,-0.014194399249089776,-0.09059114074947094,0.0,,,,,,,False,False,False,0.0698634731708001,reject
bt_crypto_5y_SOL-USD_mlp_wv_cwt_morlet,C:\Users\dunnm\source\repos\finance-scrapers-portfolio\artifacts\backtests\bt_crypto_5y_SOL-USD_mlp_wv_cwt_morlet,SOL-USD,mlp,,long_short,predict,,-0.008235597752932922,-0.004215574815872314,-0.04003929639089766,-0.09939659534667422,716.0,1.7025147131876726,-6.591668035440879e-06,0.0031485275164427695,365.76083916083917,249,0.5020080321285141,1.019284134764421,0.2802035781078013,0.2996919168688891,0.127024496674182,"low_sharpe,weak_profit_factor",2,-0.009938112466120594,-0.054482680493347174,-0.011640627179308267,-0.06892606459579668,-0.014194399249089776,-0.09059114074947094,0.0,,,,,,,False,False,False,0.0698634731708001,reject
bt_crypto_5y_SOL-USD_mlp_wv_cwt_morlet_ar5,C:\Users\dunnm\source\repos\finance-scrapers-portfolio\artifacts\backtests\bt_crypto_5y_SOL-USD_mlp_wv_cwt_morlet_ar5,SOL-USD,mlp,,long_short,predict,,-0.008235597752932922,-0.004215574815872314,-0.04003929639089766,-0.09939659534667422,716.0,1.7025147131876726,-6.591668035440879e-06,0.0031485275164427695,365.76083916083917,249,0.5020080321285141,1.019284134764421,0.2802035781078013,0.2996919168688891,0.127024496674182,"low_sharpe,weak_profit_factor",2,-0.009938112466120594,-0.054482680493347174,-0.011640627179308267,-0.06892606459579668,-0.014194399249089776,-0.09059114074947094,0.0,,,,,,,False,False,False,0.0698634731708001,reject
bt_eurusd_sweep5y_dbwavelet_EURUSD=X_mlp_fft,C:\Users\dunnm\source\repos\finance-scrapers-portfolio\artifacts\backtests\bt_eurusd_sweep5y_dbwavelet_EURUSD=X_mlp_fft,EURUSD=X,mlp,,long_short,predict,,-0.04248177078520243,-0.008697871382657096,-0.11628935413979728,-0.09722717720275542,1287.0,67.40743587084408,-2.6831933275127326e-05,0.0037132832438943326,258.99545454545455,443,0.49435665914221216,1.03261948545969,0.26051763448923015,0.29230292195573176,0.11164248510250571,"low_sharpe,weak_profit_factor",2,-0.10988920665604651,-0.34328485716263235,-0.1772966425268906,-0.5702803601854675,-0.2784077963331567,-0.9107736147197202,0.0,,,,,,,False,False,False,0.061403366806378146,reject
bt_eurusd_sweep5y_EURUSD=X_mlp_fft,C:\Users\dunnm\source\repos\finance-scrapers-portfolio\artifacts\backtests\bt_eurusd_sweep5y_EURUSD=X_mlp_fft,EURUSD=X,mlp,,long_short,predict,,-0.04248177078520243,-0.008697871382657096,-0.11628935413979728,-0.09722717720275542,1287.0,67.40743587084408,-2.6831933275127326e-05,0.0037132832438943326,258.99545454545455,443,0.49435665914221216,1.03261948545969,0.26051763448923015,0.29230292195573176,0.11164248510250571,"low_sharpe,weak_profit_factor",2,-0.10988920665604651,-0.34328485716263235,-0.1772966425268906,-0.5702803601854675,-0.2784077963331567,-0.9107736147197202,0.0,,,,,,,False,False,False,0.061403366806378146,reject
bt_eurusd_sweep5y_EURUSD=X_mlp_voltarget,C:\Users\dunnm\source\repos\finance-scrapers-portfolio\artifacts\backtests\bt_eurusd_sweep5y_EURUSD=X_mlp_voltarget,EURUSD=X,mlp,,long_short,predict,,-0.04248177078520243,-0.008697871382657096,-0.11628935413979728,-0.09722717720275542,1287.0,67.40743587084408,-2.6831933275127326e-05,0.0037132832438943326,258.99545454545455,443,0.49435665914221216,1.03261948545969,0.26051763448923015,0.29230292195573176,0.11164248510250571,"low_sharpe,weak_profit_factor",2,-0.10988920665604651,-0.34328485716263235,-0.1772966425268906,-0.5702803601854675,-0.2784077963331567,-0.9107736147197202,0.0,,,,,,,False,False,False,0.061403366806378146,reject
bt_eurusd_sweep5y_wavelet2_EURUSD=X_mlp_fft,C:\Users\dunnm\source\repos\finance-scrapers-portfolio\artifacts\backtests\bt_eurusd_sweep5y_wavelet2_EURUSD=X_mlp_fft,EURUSD=X,mlp,,long_short,predict,,-0.04248177078520243,-0.008697871382657096,-0.11628935413979728,-0.09722717720275542,1287.0,67.40743587084408,-2.6831933275127326e-05,0.0037132832438943326,258.99545454545455,443,0.49435665914221216,1.03261948545969,0.26051763448923015,0.29230292195573176,0.11164248510250571,"low_sharpe,weak_profit_factor",2,-0.10988920665604651,-0.34328485716263235,-0.1772966425268906,-0.5702803601854675,-0.2784077963331567,-0.9107736147197202,0.0,,,,,,,False,False,False,0.061403366806378146,reject
bt_eurusd_sweep5y_wavelet_EURUSD=X_mlp_fft,C:\Users\dunnm\source\repos\finance-scrapers-portfolio\artifacts\backtests\bt_eurusd_sweep5y_wavelet_EURUSD=X_mlp_fft,EURUSD=X,mlp,,long_short,predict,,-0.04248177078520243,-0.008697871382657096,-0.11628935413979728,-0.09722717720275542,1287.0,67.40743587084408,-2.6831933275127326e-05,0.0037132832438943326,258.99545454545455,443,0.49435665914221216,1.03261948545969,0.26051763448923015,0.29230292195573176,0.11164248510250571,"low_sharpe,weak_profit_factor",2,-0.10988920665604651,-0.34328485716263235,-0.1772966425268906,-0.5702803601854675,-0.2784077963331567,-0.9107736147197202,0.0,,,,,,,False,False,False,0.061403366806378146,reject
bt_eurusd_sweep5y_dbwavelet_EURUSD=X_hgb_wavelet,C:\Users\dunnm\source\repos\finance-scrapers-portfolio\artifacts\backtests\bt_eurusd_sweep5y_dbwavelet_EURUSD=X_hgb_wavelet,EURUSD=X,hgb,,long_short,predict,,-0.15299008933062286,-0.03286231981608201,-0.8426973762585139,-0.17441624435683856,1287.0,240.9141623711232,-0.00012610484070782907,0.0024082756092563763,258.99545454545455,195,0.5230769230769231,1.2015562316227164,0.03518157037838045,0.4185849196148378,0.08937274261114052,low_sharpe,1,-0.39390425170174603,-2.093600474332835,-0.6348184140728692,-3.344503572407156,-0.9961896576295541,-5.2208582195186395,0.0,,,,,,,False,False,False,0.04915500843612729,reject
bt_crypto_5y_BTC-USD_hgb_baseline,C:\Users\dunnm\source\repos\finance-scrapers-portfolio\artifacts\backtests\bt_crypto_5y_BTC-USD_hgb_baseline,BTC-USD,hgb,,long_short,predict,,-0.16188669390507915,-0.08626547703222487,-0.3398104297614533,-0.24678314539127577,716.0,37.0,-0.00018970835371752117,0.010676978134578888,365.76083916083917,18,0.5555555555555556,1.520278045993278,0.08565866470725496,0.5388473429191973,0.08427470208143478,"low_sharpe,too_few_trades",2,-0.19888669390507915,-0.432373755681043,-0.23588669390507916,-0.5249370816006327,-0.29138669390507915,-0.663782070480017,0.0,,,,,,,False,False,False,0.04635108614478913,reject
bt_crypto_5y_ETH-USD_rf_wv_dwt_db4,C:\Users\dunnm\source\repos\finance-scrapers-portfolio\artifacts\backtests\bt_crypto_5y_ETH-USD_rf_wv_dwt_db4,ETH-USD,rf,,long_short,predict,,-0.013742564926399803,-0.007043998856101408,-0.2940113435105461,-0.032268482128959386,716.0,7.396282643498933,-1.8595832725338074e-05,0.001209623308773936,365.76083916083917,41,0.4146341463414634,0.5111436605502175,0.25518037824103823,0.2,0.07586724585667484,"low_sharpe,weak_profit_factor",2,-0.021138847569898735,-0.4573349391151986,-0.028535130213397666,-0.6206585347198512,-0.03962955417864607,-0.8656439281268302,0.0,,,,,,,False,False,False,0.041726985221171166,reject
bt_eurusd_sweep5y_kernelcmp3_EURUSD=X_rf_wv_cwt_ricker,C:\Users\dunnm\source\repos\finance-scrapers-portfolio\artifacts\backtests\bt_eurusd_sweep5y_kernelcmp3_EURUSD=X_rf_wv_cwt_ricker,EURUSD=X,rf,,long_short,predict,,-0.051563513589068743,-0.010597169590792266,-0.1636735932078958,-0.17279802545029832,1287.0,126.71026484430983,-3.515681928018375e-05,0.0034568221078204804,258.99545454545455,391,0.4936061381074169,0.9353479622362164,0.20383359974690687,0.27631074168797953,0.06920059942628232,"low_sharpe,weak_profit_factor",2,-0.17827377843337858,-0.6220289296422824,-0.3049840432776884,-1.0803842660766692,-0.4950494405441532,-1.767917270728249,0.0,,,,,,,False,False,False,0.038060329684455274,reject
bt_eurusd_sweep5y_kernelcmp3_EURUSD=X_rf_wv_cwt_ricker_ar5,C:\Users\dunnm\source\repos\finance-scrapers-portfolio\artifacts\backtests\bt_eurusd_sweep5y_kernelcmp3_EURUSD=X_rf_wv_cwt_ricker_ar5,EURUSD=X,rf,,long_short,predict,,-0.0569850957698147,-0.011737940139832537,-0.1845836457874231,-0.17752659035617602,1287.0,121.20838660788868,-3.961959321223518e-05,0.0034543223581446226,258.99545454545455,391,0.4936061381074169,0.9360171827420313,0.19539882560482352,0.27631074168797953,0.06371799623392813,"low_sharpe,weak_profit_factor",2,-0.17819348237770338,-0.6233540550431885,-0.29940186898559207,-1.062124464298954,-0.4812144488974251,-1.7202800781826022,0.0,,,,,,,False,False,False,0.03504489792866047,reject
bt_crypto_5y_BTC-USD_rf_wv_cwt_ricker,C:\Users\dunnm\source\repos\finance-scrapers-portfolio\artifacts\backtests\bt_crypto_5y_BTC-USD_rf_wv_cwt_ricker,BTC-USD,rf,,long_short,predict,,-0.04464224163647468,-0.023059680405331462,-0.42986781817361147,-0.073764217844143,716.0,14.02120106498203,-6.0195877659405725e-05,0.00267812238979856,365.76083916083917,200,0.495,0.9977103643112261,0.19126032343517851,0.27875,0.06188171023286604,"low_sharpe,weak_profit_factor",2,-0.05866344270145671,-0.5697107038447566,-0.07268464376643874,-0.7095535895159021,-0.09371644536391179,-0.91931791802262,0.0,,,,,,,False,False,False,0.03403494062807633,reject
bt_crypto_5y_BTC-USD_rf_wv_cwt_ricker_ar5,C:\Users\dunnm\source\repos\finance-scrapers-portfolio\artifacts\backtests\bt_crypto_5y_BTC-USD_rf_wv_cwt_ricker_ar5,BTC-USD,rf,,long_short,predict,,-0.042797690380242615,-0.02209657909393925,-0.4042361406197139,-0.07391353201505801,716.0,12.980149032751436,-5.7400661819938106e-05,0.0027156910652034326,365.76083916083917,203,0.4827586206896552,0.908868661400704,0.1977213606571741,0.25732758620689655,0.058583539599576934,"low_sharpe,weak_profit_factor",2,-0.05577783941299405,-0.5319049757111357,-0.06875798844574549,-0.6595738108025575,-0.08822821199487264,-0.8510770634396901,0.0,,,,,,,False,False,False,0.032220946779767314,reject
bt_eurusd_sweep5y_dbwavelet_EURUSD=X_rf_wavelet,C:\Users\dunnm\source\repos\finance-scrapers-portfolio\artifacts\backtests\bt_eurusd_sweep5y_dbwavelet_EURUSD=X_rf_wavelet,EURUSD=X,rf,,long_short,predict,,-0.08059733323383156,-0.016768211707325453,-0.411413318900064,-0.15181736288155778,1287.0,222.05193590155017,-6.231501784178364e-05,0.0024375888099775946,258.99545454545455,204,0.5147058823529411,0.9511040294481251,0.15283227069206348,0.31323529411764695,0.04897332889101769,"low_sharpe,weak_profit_factor",2,-0.3026492691353817,-1.550512764351209,-0.524701205036932,-2.6896122098023536,-0.8577791088892571,-4.398261377979071,0.0,,,,,,,False,False,False,0.02693533089005973,reject
bt_crypto_5y_BTC-USD_rf_wv_dwt_db6,C:\Users\dunnm\source\repos\finance-scrapers-portfolio\artifacts\backtests\bt_crypto_5y_BTC-USD_rf_wv_dwt_db6,BTC-USD,rf,,long_short,predict,,-0.06397743867968075,-0.033210497409909556,-1.0672029932885432,-0.06726921112954953,716.0,15.980583881032619,-9.100536775944684e-05,0.0016308671196745609,365.76083916083917,68,0.45588235294117646,1.0676317866272174,0.05250448069617075,0.2407284216293066,0.03838286002276829,low_sharpe,1,-0.07995802256071337,-1.3289366943610057,-0.09593860644174598,-1.5906703954334684,-0.11990948226329493,-1.9832709470421623,0.0,,,,,,,False,False,False,0.021110573012522563,reject
bt_eurusd_sweep5y_EURUSD=X_hgb_hmm,C:\Users\dunnm\source\repos\finance-scrapers-portfolio\artifacts\backtests\bt_eurusd_sweep5y_EURUSD=X_hgb_hmm,EURUSD=X,hgb,,long_short,predict,,-0.19128715946099095,-0.0418256004574723,-1.0216933922489164,-0.1926256916082194,1287.0,743.9445037341028,-0.00016170256955096821,0.002547078955443887,258.99545454545455,216,0.5046296296296297,1.1580365703964295,-0.015507721030970978,0.3667183085302451,0.03827138931545464,low_sharpe,1,-0.9352316631950938,-4.673986772205401,-1.6791761669291967,-8.326280152161884,-2.7950929225303507,-13.804720222096611,0.0,,,,,,,False,False,False,0.021049264123500052,reject
bt_eurusd_sweep5y_EURUSD=X_hgb_proba_hmm_fft,C:\Users\dunnm\source\repos\finance-scrapers-portfolio\artifacts\backtests\bt_eurusd_sweep5y_EURUSD=X_hgb_proba_hmm_fft,EURUSD=X,hgb,,long_short,proba,,-0.18432199487522904,-0.04017056817530751,-0.9877598946012598,-0.18567205533787579,1287.0,706.743720203867,-0.00015509143124874388,0.0025268675958364547,258.99545454545455,204,0.4950980392156863,1.0884389977576183,-0.004094691106901974,0.31871911761837923,0.028890141946946432,low_sharpe,1,-0.8910657150790962,-4.485173508977882,-1.5978094352829633,-7.982587123354506,-2.6579250155887637,-13.228707544919438,0.0,,,,,,,False,False,False,0.01588957807082054,reject
bt_eurusd_sweep5y_kernelcmp_EURUSD=X_rf_wv_dwt_db4,C:\Users\dunnm\source\repos\finance-scrapers-portfolio\artifacts\backtests\bt_eurusd_sweep5y_kernelcmp_EURUSD=X_rf_wv_dwt_db4,EURUSD=X,rf,,long_short,predict,,-0.06896136633379801,-0.014276590112770271,-0.6045211965943948,-0.09155761230450121,1287.0,145.12676500391956,-5.446421714232692e-05,0.0014499258852290523,258.99545454545455,75,0.48,0.668515595858808,0.1437862431164299,0.25249999999999995,0.021836058025679422,"low_sharpe,weak_profit_factor",2,-0.21408813133771756,-1.8561318049065179,-0.3592148963416371,-3.107742413218641,-0.5769050438475165,-4.985158325686824,0.0,,,,,,,False,False,False,0.012009831914123683,reject
bt_eurusd_hmmcmp_EURUSD=X_hgb_baseline,C:\Users\dunnm\source\repos\finance-scrapers-portfolio\artifacts\backtests\bt_eurusd_hmmcmp_EURUSD=X_hgb_baseline,EURUSD=X,hgb,,long_short,predict,,-0.030287898815645753,-0.03097687600038246,-1.3980302495543067,-0.03340443645340918,254.0,13.0,-0.00012011968995729614,0.0013850820359850677,259.8697478991597,6,0.5,1.8002612656582089,0.01540169761882716,0.48761756954619395,0.020677252793405515,"low_sharpe,too_few_trades",2,-0.04328789881564575,-1.9937088542304873,-0.056287898815645755,-2.589387458906668,-0.07578789881564575,-3.482905365920939,0.0,,,,,,,False,False,False,0.011372489036373034,reject
bt_crypto_5y_BTC-USD_hgb_wv_cwt_ricker,C:\Users\dunnm\source\repos\finance-scrapers-portfolio\artifacts\backtests\bt_crypto_5y_BTC-USD_hgb_wv_cwt_ricker,BTC-USD,hgb,,long_short,predict,,-0.07422339605590866,-0.038631128349062904,-0.7506519967149842,-0.08438943582319636,716.0,14.47470965049317,-0.00010418415730512512,0.0026543711088734216,365.76083916083917,195,0.5076923076923077,1.0267513432902227,0.10496278813922125,0.3129996429421386,0.01777568732024229,"low_sharpe,weak_profit_factor",2,-0.08869810570640184,-0.8963098146127978,-0.103172815356895,-1.0419676325106115,-0.12488487983263476,-1.2604543593573319,0.0,,,,,,,False,False,False,0.00977662802613326,reject
bt_crypto_5y_BTC-USD_hgb_wv_cwt_ricker_ar5,C:\Users\dunnm\source\repos\finance-scrapers-portfolio\artifacts\backtests\bt_crypto_5y_BTC-USD_hgb_wv_cwt_ricker_ar5,BTC-USD,hgb,,long_short,predict,,-0.07243595843597339,-0.0376833779057163,-0.7202164110642477,-0.08453703715204264,716.0,13.433657618262574,-0.00010138894146565751,0.0026923169063056743,365.76083916083917,198,0.494949494949495,0.9330310379479677,0.11194415515689746,0.2786616161616162,0.010295266508549034,"low_sharpe,weak_profit_factor",2,-0.08586961605423596,-0.8534929411643537,-0.09930327367249854,-0.9867694712644598,-0.11945376009989239,-1.1866842664146189,0.0,,,,,,,False,False,False,0.005662396579701969,reject
bt_eurusd_sweep5y_kernelcmp_EURUSD=X_rf_wv_dwt_db6,C:\Users\dunnm\source\repos\finance-scrapers-portfolio\artifacts\backtests\bt_eurusd_sweep5y_kernelcmp_EURUSD=X_rf_wv_dwt_db6,EURUSD=X,rf,,long_short,predict,,-0.08378994879164903,-0.01745625142540408,-0.6344452031589408,-0.11802121390174136,1287.0,112.67685705452203,-6.656451449956674e-05,0.0016884753378868832,258.99545454545455,95,0.47368421052631576,0.8849003384958424,0.12018252426517938,0.24144736842105258,0.002625219719734978,"low_sharpe,weak_profit_factor",2,-0.19646680584617104,-1.4689090527308495,-0.30914366290069306,-2.3033729023027583,-0.47815894848247614,-3.5550686766606217,0.0,,,,,,,False,False,False,0.001443870845854238,reject
bt_crypto_5y_SOL-USD_mlp_baseline,C:\Users\dunnm\source\repos\finance-scrapers-portfolio\artifacts\backtests\bt_crypto_5y_SOL-USD_mlp_baseline,SOL-USD,mlp,,long_short,predict,,-0.15181835606075111,-0.08067448430782698,0.016505340035674974,-0.5340026807557017,716.0,1.0,1.9238586837895184e-05,0.02229191069920674,365.76083916083917,0,,,0.008649474100301417,0.0,0.0,"low_sharpe,drawdown_too_high",2,-0.15281835606075111,0.015307115286526179,-0.15381835606075112,0.014108890537377388,-0.15531835606075112,0.0123115534136542,0.0,,,,,,,False,False,False,0.001058166790303304,reject
bt_crypto_5y_BTC-USD_mlp_baseline,C:\Users\dunnm\source\repos\finance-scrapers-portfolio\artifacts\backtests\bt_crypto_5y_BTC-USD_mlp_baseline,BTC-USD,mlp,,long_short,predict,,-0.07568234439078236,-0.03940536806054484,-0.0921494718429808,-0.32129297527781864,716.0,1.0,-5.1834431949601066e-05,0.010757815597479502,365.76083916083917,0,,,0.12274099924694977,0.0,0.0,low_sharpe,1,-0.07668234439078236,-0.09463238474138208,-0.07768234439078237,-0.09711529763978334,-0.07918234439078237,-0.10083966698738527,0.0,,,,,,,False,False,False,0.0,reject
bt_crypto_5y_BTC-USD_mlp_stops,C:\Users\dunnm\source\repos\finance-scrapers-portfolio\artifacts\backtests\bt_crypto_5y_BTC-USD_mlp_stops,BTC-USD,mlp,,long_short,predict,,-0.19237827741319058,-0.10353813580009885,-0.7531195965129085,-0.25265074844857993,715.0,352.0,-0.0002745388982263575,0.006971704411517552,365.76155462184875,176,0.32954545454545453,0.9830508474576269,-0.020360517942336023,0.2,0.0,"low_sharpe,weak_profit_factor",2,-0.5443782774131906,-2.1036261112045826,-0.8963782774131905,-3.454132625896256,-1.4243782774131906,-5.479892397933767,0.0,,,,,,,False,False,False,0.0,reject
bt_eurusd_sweep5y_EURUSD=X_rf_proba_hmm_fft,C:\Users\dunnm\source\repos\finance-scrapers-portfolio\artifacts\backtests\bt_eurusd_sweep5y_EURUSD=X_rf_proba_hmm_fft,EURUSD=X,rf,,long_short,proba,,-0.10120752587150927,-0.021243997599411535,-0.762392915936772,-0.15199526264856933,1287.0,364.79887471516724,-8.142795914180938e-05,0.001718861043880423,258.99545454545455,93,0.41935483870967744,0.6681143028569648,0.0703696546491963,0.2,0.0,"low_sharpe,weak_profit_factor",2,-0.46600640058667653,-3.4162665834917623,-0.8308052753018438,-6.070140251046753,-1.3780035873745946,-10.050950752379238,0.0,,,,,,,False,False,False,0.0,reject
bt_crypto_5y_BTC-USD_rf_stops,C:\Users\dunnm\source\repos\finance-scrapers-portfolio\artifacts\backtests\bt_crypto_5y_BTC-USD_rf_stops,BTC-USD,rf,,long_short,predict,,-0.25398762742821945,-0.13919923627149822,-1.0392748181398237,-0.3323913699333211,715.0,362.0,-0.00038473554893775065,0.007079962203657397,365.76155462184875,181,0.32044198895027626,0.9225498765089913,-0.1393034707559629,0.2,0.0,"low_sharpe,weak_profit_factor",2,-0.6159876274282194,-2.406911110098026,-0.9779876274282194,-3.7745474020562293,-1.5209876274282195,-5.826001839993533,0.0,,,,,,,False,False,False,0.0,reject
bt_eurusd_sweep5y_EURUSD=X_rf_hmm,C:\Users\dunnm\source\repos\finance-scrapers-portfolio\artifacts\backtests\bt_eurusd_sweep5y_EURUSD=X_rf_hmm,EURUSD=X,rf,,long_short,predict,,-0.1960892616714106,-0.04297329840176112,-1.0418994491671023,-0.19624153494097074,1287.0,759.0957008155194,-0.00016627894876606006,0.0025683696709271776,258.99545454545455,222,0.47297297297297297,0.8712002967983155,-0.02201570413987215,0.2402027027027027,0.0,"low_sharpe,weak_profit_factor",2,-0.9551849624869301,-4.737682956933329,-1.7142806633024494,-8.433466464699556,-2.8529242145257285,-13.977141726348899,0.0,,,,,,,False,False,False,0.0,reject
bt_crypto_5y_ETH-USD_hgb_wv_dwt_db4,C:\Users\dunnm\source\repos\finance-scrapers-portfolio\artifacts\backtests\bt_crypto_5y_ETH-USD_hgb_wv_dwt_db4,ETH-USD,hgb,,long_short,predict,,-0.04833185367658133,-0.02498888239988928,-1.0734568770316935,-0.04833185367658133,716.0,9.181430226644341,-6.843860640079748e-05,0.0012193128688779786,365.76083916083917,41,0.36585365853658536,0.6223572707886407,0.06586129570075525,0.2,0.0,"low_sharpe,weak_profit_factor",2,-0.057513283903225666,-1.2745886866198883,-0.06669471412987,-1.4757204962080837,-0.08046685946983652,-1.7774182105903764,0.0,,,,,,,False,False,False,0.0,reject
bt_crypto_5y_BTC-USD_hgb_stops,C:\Users\dunnm\source\repos\finance-scrapers-portfolio\artifacts\backtests\bt_crypto_5y_BTC-USD_hgb_stops,BTC-USD,hgb,,long_short,predict,,-0.3016278044085159,-0.16777270829659852,-1.3389727071964863,-0.36607757421243525,715.0,356.0,-0.00047866493090766384,0.006836895044299287,365.76155462184875,178,0.30337078651685395,0.865777169594934,-0.22272471030697436,0.2,0.0,"low_sharpe,drawdown_too_high,weak_profit_factor",3,-0.6576278044085159,-2.7317576740888825,-1.0136278044085159,-4.12454264098128,-1.5476278044085159,-6.213720091319876,0.0,,,,,,,False,False,False,0.0,reject
bt_eurusd_sweep5y_EURUSD=X_mlp_proba_hmm_fft,C:\Users\dunnm\source\repos\finance-scrapers-portfolio\artifacts\backtests\bt_eurusd_sweep5y_EURUSD=X_mlp_proba_hmm_fft,EURUSD=X,mlp,,long_short,proba,,-0.23449847876071017,-0.05235572533725208,-1.3676617043789374,-0.24034623945809386,1287.0,691.6488457670282,-0.0002047083944565862,0.0024088127245345276,258.99545454545455,201,0.46766169154228854,0.9709236868250825,-0.10947636699363303,0.23090796019900492,0.0,"low_sharpe,weak_profit_factor",2,-0.9261473245277384,-4.958122128011744,-1.6177961702947665,-8.54858255164455,-2.6552694389453086,-13.934273187093757,0.0,,,,,,,False,False,False,0.0,reject
bt_eurusd_sweep5y_EURUSD=X_mlp_hmm,C:\Users\dunnm\source\repos\finance-scrapers-portfolio\artifacts\backtests\bt_eurusd_sweep5y_EURUSD=X_mlp_hmm,EURUSD=X,mlp,,long_short,predict,,-0.26833852133123426,-0.060938949680268695,-1.48761651975243,-0.2739277737625321,1287.0,763.1662982180088,-0.0002393753115892042,0.0025896104277903544,258.99545454545455,224,0.4642857142857143,0.955341195012173,-0.15136740418267555,0.22500000000000003,0.0,"low_sharpe,weak_profit_factor",2,-1.0315048195492431,-5.172741932565356,-1.794671117767252,-8.857867345378281,-2.939420565094265,-14.385555464597669,0.0,,,,,,,False,False,False,0.0,reject
bt_eurusd_sweep_EURUSD=X_rf_baseline,C:\Users\dunnm\source\repos\finance-scrapers-portfolio\artifacts\backtests\bt_eurusd_sweep_EURUSD=X_rf_baseline,EURUSD=X,rf,,long_short,predict,,-0.001915234353672024,-0.031326560467,-2.2724463118972964,-0.003564915324373308,16.0,9.0,-0.00011944274212603485,0.0008566627774329588,265.6363636363636,4,0.25,0.1785770278955875,-0.07203866619758034,0.02666666666666667,0.0,"low_sharpe,too_few_trades,weak_profit_factor",3,-0.010915234353672025,-12.97423553483251,-0.019915234353672026,-23.67602475776772,-0.033415234353672024,-39.72870859217053,0.0,,,,,,,False,False,False,0.0,reject
bt_crypto_5y_ETH-USD_hgb_stops,C:\Users\dunnm\source\repos\finance-scrapers-portfolio\artifacts\backtests\bt_crypto_5y_ETH-USD_hgb_stops,ETH-USD,hgb,,long_short,predict,,-0.49467473412534724,-0.294721927259741,-2.370561350583708,-0.5101166840417451,715.0,451.0,-0.0009263350440913364,0.007473360323519993,365.76155462184875,225,0.27111111111111114,0.7281923044340611,-0.46515780772534415,0.2,0.0,"low_sharpe,drawdown_too_high,weak_profit_factor",3,-0.9456747341253473,-3.9847474586626768,-1.3966747341253472,-5.598933566741646,-2.073174734125347,-8.020212728860098,0.0,,,,,,,False,False,False,0.0,reject
bt_crypto_5y_ETH-USD_mlp_stops,C:\Users\dunnm\source\repos\finance-scrapers-portfolio\artifacts\backtests\bt_crypto_5y_ETH-USD_mlp_stops,ETH-USD,mlp,,long_short,predict,,-0.506818273072696,-0.30344357865207117,-2.4204055149789725,-0.527677061343677,715.0,452.0,-0.0009594968423172527,0.0075814878500745485,365.76155462184875,226,0.26548672566371684,0.7228915662650605,-0.481157369481701,0.2,0.0,"low_sharpe,drawdown_too_high,weak_profit_factor",3,-0.958818273072696,-4.015098107896753,-1.410818273072696,-5.609790700814533,-2.088818273072696,-8.001829590191203,0.0,,,,,,,False,False,False,0.0,reject
bt_eurusd_hmmcmp_EURUSD=X_hgb_hmm,C:\Users\dunnm\source\repos\finance-scrapers-portfolio\artifacts\backtests\bt_eurusd_hmmcmp_EURUSD=X_hgb_hmm,EURUSD=X,hgb,,long_short,predict,,-0.08289786284570533,-0.08473004328087141,-2.624657525604151,-0.08289786284570533,254.0,166.12580262600628,-0.00033847279691115467,0.002078877934005037,259.8697478991597,35,0.37142857142857144,0.5444886269446715,-0.16640856293635553,0.2,0.0,"low_sharpe,weak_profit_factor",2,-0.24902366547171162,-7.696342254362409,-0.4151494680977179,-12.768026983120667,-0.6643381720367273,-20.375554076258055,0.0,,,,,,,False,False,False,0.0,reject
bt_crypto_5y_ETH-USD_rf_stops,C:\Users\dunnm\source\repos\finance-scrapers-portfolio\artifacts\backtests\bt_crypto_5y_ETH-USD_rf_stops,ETH-USD,rf,,long_short,predict,,-0.6050668789395954,-0.37827295290716445,-3.29023958164362,-0.6050668789395954,715.0,462.0,-0.00127129512528223,0.007389548202287331,365.76155462184875,231,0.23376623376623376,0.6133202601400684,-0.5831156668933508,0.2,0.0,"low_sharpe,drawdown_too_high,weak_profit_factor",3,-1.0670668789395954,-4.962550690344418,-1.5290668789395956,-6.6348617990452174,-2.2220668789395956,-9.143328462096415,0.0,,,,,,,False,False,False,0.0,reject
bt_crypto_5y_SOL-USD_rf_stops,C:\Users\dunnm\source\repos\finance-scrapers-portfolio\artifacts\backtests\bt_crypto_5y_SOL-USD_rf_stops,SOL-USD,rf,,long_short,predict,,-0.6496181952982171,-0.4151989787207656,-3.6287693284913476,-0.6749972780580735,715.0,480.0,-0.0014370885243618426,0.007573963129665388,365.76155462184875,240,0.22083333333333333,0.5761854757882705,-0.5985511429940339,0.2,0.0,"low_sharpe,drawdown_too_high,weak_profit_factor",3,-1.129618195298217,-5.323930656799992,-1.609618195298217,-7.019091985108637,-2.329618195298217,-9.561833977571604,0.0,,,,,,,False,False,False,0.0,reject
bt_crypto_5y_SOL-USD_hgb_stops,C:\Users\dunnm\source\repos\finance-scrapers-portfolio\artifacts\backtests\bt_crypto_5y_SOL-USD_hgb_stops,SOL-USD,hgb,,long_short,predict,,-0.6723507363298976,-0.43492598761449697,-3.9581301069301484,-0.6961136632954701,715.0,480.0,-0.001532042629039186,0.007402523781653264,365.76155462184875,240,0.2125,0.5450615588508814,-0.6081904048544164,0.2,0.0,"low_sharpe,drawdown_too_high,weak_profit_factor",3,-1.1523507363298977,-5.6925506610748355,-1.6323507363298977,-7.426971215219523,-2.3523507363298974,-10.028602046436554,0.0,,,,,,,False,False,False,0.0,reject
bt_crypto_5y_SOL-USD_mlp_stops,C:\Users\dunnm\source\repos\finance-scrapers-portfolio\artifacts\backtests\bt_crypto_5y_SOL-USD_mlp_stops,SOL-USD,mlp,,long_short,predict,,-0.7104648422306903,-0.4695666574334588,-4.4396218405079235,-0.7206314899660784,715.0,474.0,-0.0017051227582768962,0.007345285808616406,365.76155462184875,237,0.189873417721519,0.4830994897959188,-0.6191463104210826,0.2,0.0,"low_sharpe,drawdown_too_high,weak_profit_factor",3,-1.1844648422306903,-6.165708627638598,-1.6584648422306905,-7.891795414769272,-2.3694648422306903,-10.480925595465283,0.0,,,,,,,False,False,False,0.0,reject
